2,impl/src/main/java/org/apache/myfaces/taglib/core/ViewTag.java,2.23E8,0.0,0.0,0.0,0.0,0.0,0.0,0.0,0.0,0.0,0.0,0.0,0.0,0.0,-4.1714285E7,0.0,Yes
3,impl/src/main/java/org/apache/myfaces/taglib/core/ViewTag.java,2.23E8,0.0,0.0,0.0,0.0,0.0,0.0,0.0,0.0,0.0,0.0,0.0,0.0,0.0,-1.7142857E7,0.0,Yes
4,impl/src/main/java/org/apache/myfaces/lifecycle/LifecycleImpl.java,3.12E8,0.0,0.0,0.0,0.0,0.0,0.0,0.0,0.0,0.0,0.0,0.0,0.0,0.0,-1.1714285E7,0.0,Yes
4,impl/src/main/java/org/apache/myfaces/taglib/core/ViewTag.java,2.23E8,0.0,0.0,0.0,0.0,0.0,0.0,0.0,0.0,0.0,0.0,0.0,0.0,0.0,-1.1714285E7,0.0,Yes
10,api/src/main/java/javax/faces/FactoryFinder.java,2.1E8,0.0,0.0,0.0,0.0,0.0,0.0,0.0,0.0,0.0,0.0,0.0,0.0,0.0,1.05285715E8,0.0,Yes
10,api/src/main/java/javax/faces/component/_SelectItemsIterator.java,2.15E8,0.0,0.0,0.0,0.0,0.0,0.0,0.0,0.0,0.0,0.0,0.0,0.0,0.0,1.05285715E8,0.0,Yes
10,api/src/main/java/javax/faces/validator/LengthValidator.java,1.32E8,0.0,0.0,0.0,0.0,0.0,0.0,0.0,0.0,0.0,0.0,0.0,0.0,0.0,1.05285715E8,0.0,Yes
10,impl/src/main/java/org/apache/myfaces/config/annotation/NoInjectionAnnotationLifecycleProvider.java,1.19E8,3000000.0,1000000.0,0.0,1000000.0,1000000.0,1000000.0,1000000.0,-1000000.0,-1000000.0,-1000000.0,8000000.0,8000000.0,8000000.0,4.6714286E7,1.9428572E7,Yes
11,api/src/main/java/javax/faces/component/_SelectItemsIterator.java,2.15E8,0.0,0.0,0.0,0.0,0.0,0.0,0.0,0.0,0.0,0.0,0.0,0.0,0.0,1.20571429E8,0.0,Yes
11,api/src/main/java/javax/faces/webapp/UIComponentClassicTagBase.java,1.088E9,0.0,0.0,0.0,0.0,0.0,0.0,0.0,0.0,0.0,0.0,0.0,0.0,0.0,9.9571429E7,0.0,Yes
11,impl/src/main/java/org/apache/myfaces/application/jsp/JspViewHandlerImpl.java,5.85E8,3000000.0,1000000.0,1000000.0,1000000.0,2000000.0,2000000.0,2000000.0,1000000.0,1000000.0,1000000.0,2000000.0,2000000.0,2000000.0,1.20571429E8,1.08857143E8,Yes
11,impl/src/main/java/org/apache/myfaces/config/annotation/NoInjectionAnnotationLifecycleProvider.java,1.19E8,0.0,0.0,0.0,0.0,0.0,0.0,0.0,0.0,0.0,0.0,0.0,0.0,0.0,6.2E7,0.0,Yes
12,api/src/main/java/javax/faces/application/StateManager.java,2.36E8,3.1E7,2000000.0,0.0,1000000.0,1.7E7,1.7E7,8500000.0,3000000.0,4000000.0,1500000.0,3.05E8,1.53E8,1.525E8,1.34428572E8,1.29571429E8,Yes
12,api/src/main/java/javax/faces/application/ViewHandler.java,2.57E8,1.08E8,4000000.0,0.0,1000000.0,6.1E7,3.4E7,1.525E7,1.4E7,1.1E7,3500000.0,4.26E8,1.53E8,1.065E8,1.34428572E8,1.2931217E8,Yes
12,api/src/main/java/javax/faces/component/UICommand.java,3.03E8,1.453E9,6000000.0,0.0,2000000.0,8.91E8,3.91E8,1.485E8,3.29E8,3.91E8,5.4833334E7,1.79E8,6.2E7,2.9833334E7,1.34428572E8,1.2903864E8,Yes
12,api/src/main/java/javax/faces/component/UIInput.java,7.84E8,4.745E9,1.0E7,2000000.0,2000000.0,2.802E9,9.12E8,2.802E8,8.59E8,9.12E8,8.59E7,2.83E8,1.2E8,2.83E7,1.34428572E8,1.28891104E8,Yes
12,api/src/main/java/javax/faces/component/UINamingContainer.java,4.4E7,1.66E8,5000000.0,0.0,2000000.0,1.07E8,5.4E7,2.14E7,4.8E7,5.4E7,9600000.0,1.73E8,6.2E7,3.46E7,1.34428572E8,1.28641997E8,Yes
12,api/src/main/java/javax/faces/component/UISelectBoolean.java,1.39E8,3.42E8,5000000.0,0.0,2000000.0,2.46E8,1.47E8,4.92E7,1.5E8,1.47E8,3.0E7,1.74E8,6.2E7,3.48E7,1.34428572E8,1.2822097E8,Yes
12,api/src/main/java/javax/faces/component/UISelectMany.java,4.37E8,4.41E8,7000000.0,0.0,2000000.0,2.52E8,9.5E7,3.6E7,6.3E7,4.3E7,9000000.0,2.95E8,1.2E8,4.2142858E7,1.34428572E8,1.29731779E8,Yes
12,api/src/main/java/javax/faces/component/UISelectOne.java,9.0E7,2.75E8,5000000.0,0.0,2000000.0,1.87E8,1.05E8,3.74E7,9.9E7,1.05E8,1.98E7,1.74E8,6.2E7,3.48E7,1.34428572E8,1.28282598E8,Yes
12,api/src/main/java/javax/faces/component/html/HtmlInputHidden.java,6.6E7,1.76E8,3000000.0,0.0,2000000.0,1.24E8,7.2E7,4.1333334E7,7.2E7,7.2E7,2.4E7,1.58E8,6.2E7,5.2666667E7,1.34428572E8,1.26826299E8,Yes
12,api/src/main/java/javax/faces/component/html/_HtmlCommandButton.java,7.1E7,1.66E8,4000000.0,0.0,2000000.0,1.22E8,8.2E7,3.05E7,7.8E7,8.2E7,1.95E7,1.76E8,6.2E7,4.4E7,9857143.0,2325302.0,Yes
12,api/src/main/java/javax/faces/component/html/_HtmlCommandLink.java,6.5E7,1.85E8,4000000.0,0.0,2000000.0,1.28E8,7.5E7,3.2E7,7.1E7,7.5E7,1.775E7,1.76E8,6.2E7,4.4E7,9857143.0,2551352.0,Yes
12,api/src/main/java/javax/faces/component/html/_HtmlInputSecret.java,9.2E7,2.16E8,4000000.0,0.0,2000000.0,1.57E8,1.04E8,3.925E7,9.8E7,1.04E8,2.45E7,1.76E8,6.2E7,4.4E7,9857143.0,2268519.0,Yes
12,api/src/main/java/javax/faces/component/html/_HtmlInputText.java,8.1E7,2.05E8,4000000.0,0.0,2000000.0,1.47E8,9.5E7,3.675E7,8.9E7,9.5E7,2.225E7,1.76E8,6.2E7,4.4E7,9857143.0,2302440.0,Yes
12,api/src/main/java/javax/faces/component/html/_HtmlInputTextarea.java,7.0E7,1.72E8,4000000.0,0.0,2000000.0,1.24E8,8.2E7,3.1E7,7.6E7,8.2E7,1.9E7,1.76E8,6.2E7,4.4E7,9857143.0,2312293.0,Yes
12,api/src/main/java/javax/faces/component/html/_HtmlSelectBooleanCheckbox.java,6.1E7,1.74E8,4000000.0,0.0,2000000.0,1.2E8,7.2E7,3.0E7,6.6E7,7.2E7,1.65E7,1.76E8,6.2E7,4.4E7,9857143.0,2602628.0,Yes
12,api/src/main/java/javax/faces/component/html/_HtmlSelectManyCheckbox.java,8.9E7,2.43E8,4000000.0,0.0,2000000.0,1.69E8,1.02E8,4.225E7,9.5E7,1.02E8,2.375E7,1.76E8,6.2E7,4.4E7,9857143.0,2699001.0,Yes
12,api/src/main/java/javax/faces/component/html/_HtmlSelectManyListbox.java,8.4E7,2.32E8,4000000.0,0.0,2000000.0,1.61E8,9.7E7,4.025E7,9.0E7,9.7E7,2.25E7,1.76E8,6.2E7,4.4E7,9857143.0,2503079.0,Yes
12,api/src/main/java/javax/faces/component/html/_HtmlSelectManyMenu.java,7.4E7,2.15E8,4000000.0,0.0,2000000.0,1.47E8,8.6E7,3.675E7,7.9E7,8.6E7,1.975E7,1.76E8,6.2E7,4.4E7,9857143.0,2597343.0,Yes
12,api/src/main/java/javax/faces/component/html/_HtmlSelectOneListbox.java,8.1E7,2.25E8,4000000.0,0.0,2000000.0,1.56E8,9.4E7,3.9E7,8.7E7,9.4E7,2.175E7,1.76E8,6.2E7,4.4E7,9857143.0,2514921.0,Yes
12,api/src/main/java/javax/faces/component/html/_HtmlSelectOneMenu.java,6.9E7,2.0E8,4000000.0,0.0,2000000.0,1.37E8,8.1E7,3.425E7,7.4E7,8.1E7,1.85E7,1.76E8,6.2E7,4.4E7,9857143.0,2606429.0,Yes
12,api/src/main/java/javax/faces/component/html/_HtmlSelectOneRadio.java,8.1E7,2.16E8,4000000.0,0.0,2000000.0,1.52E8,9.6E7,3.8E7,8.8E7,9.6E7,2.2E7,1.76E8,6.2E7,4.4E7,9857143.0,2503969.0,Yes
12,api/src/main/java/javax/faces/context/ExternalContext.java,1.42E8,4.7E7,3000000.0,0.0,1000000.0,2.5E7,1.7E7,8333334.0,3000000.0,4000000.0,1000000.0,4.25E8,1.53E8,1.41666667E8,1.34428572E8,1.29133739E8,Yes
12,api/src/main/java/javax/faces/convert/NumberConverter.java,4.3E8,6.2E7,4000000.0,0.0,2000000.0,3.3E7,1.7E7,8250000.0,4000000.0,4000000.0,1000000.0,4.26E8,1.53E8,1.065E8,1.34428572E8,1.28854839E8,Yes
12,api/src/main/java/javax/faces/event/MethodExpressionActionListener.java,6.8E7,2.7E7,2000000.0,0.0,1000000.0,1.5E7,1.5E7,7500000.0,3000000.0,4000000.0,1500000.0,3.05E8,1.53E8,1.525E8,1.15571429E8,1.10857143E8,Yes
12,api/src/main/java/javax/faces/event/MethodExpressionValueChangeListener.java,6.8E7,2.7E7,2000000.0,0.0,1000000.0,1.5E7,1.5E7,7500000.0,3000000.0,4000000.0,1500000.0,3.05E8,1.53E8,1.525E8,1.15571429E8,1.10857143E8,Yes
12,api/src/main/java/javax/faces/webapp/FacesServlet.java,2.79E8,1.31E8,5000000.0,0.0,2000000.0,1.06E8,4.3E7,2.12E7,8.1E7,4.2E7,1.62E7,4.3E8,1.53E8,8.6E7,1.34428572E8,1.28550709E8,Yes
12,api/src/main/java/javax/faces/webapp/UIComponentClassicTagBase.java,1.099E9,4.6E7,4000000.0,0.0,2000000.0,2.8E7,1.5E7,7000000.0,1.0E7,7000000.0,2500000.0,4.26E8,1.53E8,1.065E8,1.13428572E8,1.07332299E8,Yes
12,api/src/main/java/javax/faces/webapp/_ErrorPageWriter.java,5.16E8,1.273E9,4000000.0,0.0,2000000.0,7.09E8,5.49E8,1.7725E8,1.45E8,1.16E8,3.625E7,2.7E7,1.9E7,6750000.0,5.5428572E7,4.9313994E7,Yes
12,impl/src/main/java/org/apache/myfaces/application/jsp/JspStateManagerImpl.java,7.91E8,1.05E8,2000000.0,0.0,1000000.0,5.4E7,4.0E7,2.7E7,3000000.0,3000000.0,1500000.0,1.93E8,1.2E8,9.65E7,1.34428572E8,1.29544218E8,Yes
12,impl/src/main/java/org/apache/myfaces/config/FacesConfigurator.java,8.96E8,4.0E7,3000000.0,1000000.0,2000000.0,1.5E7,8000000.0,5000000.0,-1.0E7,3000000.0,-3333333.0,1.22E8,1.2E8,4.0666667E7,1.34428572E8,1.26239286E8,Yes
12,impl/src/main/java/org/apache/myfaces/config/annotation/DefaultLifecycleProviderFactory.java,1.95E8,2.7E7,1000000.0,0.0,1000000.0,1.4E7,1.4E7,1.4E7,1000000.0,1000000.0,1000000.0,7.3E7,7.3E7,7.3E7,7.5857143E7,7.5E7,Yes
12,impl/src/main/java/org/apache/myfaces/config/annotation/NoInjectionAnnotationLifecycleProvider.java,1.21E8,2.6E7,1000000.0,0.0,1000000.0,1.4E7,1.4E7,1.4E7,2000000.0,2000000.0,2000000.0,7.3E7,7.3E7,7.3E7,7.5857143E7,7.5E7,Yes
12,impl/src/main/java/org/apache/myfaces/config/impl/digester/DigesterFacesConfigUnmarshallerImpl.java,1.94E8,2.5E7,1000000.0,0.0,1000000.0,1.4E7,1.4E7,1.4E7,3000000.0,3000000.0,3000000.0,7.3E7,7.3E7,7.3E7,1.34428572E8,1.33571429E8,Yes
12,impl/src/main/java/org/apache/myfaces/lifecycle/DefaultRestoreViewSupport.java,1.15E8,0.0,0.0,0.0,0.0,0.0,0.0,0.0,0.0,0.0,0.0,0.0,0.0,0.0,7.4571429E7,0.0,Yes
12,impl/src/main/java/org/apache/myfaces/webapp/AbstractFacesInitializer.java,1.47E8,3.24E8,1000000.0,0.0,1000000.0,1.62E8,1.62E8,1.62E8,0.0,0.0,0.0,1.9E7,1.9E7,1.9E7,3.8E7,3.1857143E7,Yes
13,api/src/main/java/javax/faces/application/StateManager.java,2.36E8,0.0,0.0,0.0,0.0,0.0,0.0,0.0,0.0,0.0,0.0,0.0,0.0,0.0,1.36428572E8,0.0,Yes
13,api/src/main/java/javax/faces/application/ViewHandler.java,2.57E8,0.0,0.0,0.0,0.0,0.0,0.0,0.0,0.0,0.0,0.0,0.0,0.0,0.0,1.36428572E8,0.0,Yes
13,api/src/main/java/javax/faces/component/UICommand.java,3.08E8,9000000.0,3000000.0,0.0,2000000.0,7000000.0,5000000.0,2333334.0,5000000.0,5000000.0,1666667.0,3.03E8,1.51E8,1.01E8,1.36428572E8,1.35888889E8,Yes
13,api/src/main/java/javax/faces/component/UIInput.java,7.91E8,1.1E7,3000000.0,0.0,2000000.0,9000000.0,7000000.0,3000000.0,7000000.0,7000000.0,2333334.0,3.03E8,1.51E8,1.01E8,1.36428572E8,1.35831169E8,Yes
13,api/src/main/java/javax/faces/component/UINamingContainer.java,4.4E7,0.0,0.0,0.0,0.0,0.0,0.0,0.0,0.0,0.0,0.0,0.0,0.0,0.0,1.36428572E8,0.0,Yes
13,api/src/main/java/javax/faces/component/UISelectBoolean.java,1.39E8,0.0,0.0,0.0,0.0,0.0,0.0,0.0,0.0,0.0,0.0,0.0,0.0,0.0,1.36428572E8,0.0,Yes
13,api/src/main/java/javax/faces/component/UISelectMany.java,4.37E8,8000000.0,2000000.0,0.0,1000000.0,4000000.0,3000000.0,2000000.0,0.0,2000000.0,0.0,2.98E8,1.51E8,1.49E8,1.36428572E8,1.36285715E8,Yes
13,api/src/main/java/javax/faces/component/UISelectOne.java,9.0E7,4000000.0,2000000.0,0.0,1000000.0,2000000.0,1000000.0,1000000.0,0.0,0.0,0.0,2.98E8,1.51E8,1.49E8,1.36428572E8,1.36285715E8,Yes
13,api/src/main/java/javax/faces/component/html/HtmlInputHidden.java,6.6E7,0.0,0.0,0.0,0.0,0.0,0.0,0.0,0.0,0.0,0.0,0.0,0.0,0.0,1.36428572E8,0.0,Yes
13,api/src/main/java/javax/faces/component/html/_HtmlCommandButton.java,7.1E7,0.0,0.0,0.0,0.0,0.0,0.0,0.0,0.0,0.0,0.0,0.0,0.0,0.0,1.1857143E7,0.0,Yes
13,api/src/main/java/javax/faces/component/html/_HtmlCommandLink.java,6.5E7,0.0,0.0,0.0,0.0,0.0,0.0,0.0,0.0,0.0,0.0,0.0,0.0,0.0,1.1857143E7,0.0,Yes
13,api/src/main/java/javax/faces/component/html/_HtmlInputSecret.java,9.2E7,0.0,0.0,0.0,0.0,0.0,0.0,0.0,0.0,0.0,0.0,0.0,0.0,0.0,1.1857143E7,0.0,Yes
13,api/src/main/java/javax/faces/component/html/_HtmlInputText.java,8.1E7,0.0,0.0,0.0,0.0,0.0,0.0,0.0,0.0,0.0,0.0,0.0,0.0,0.0,1.1857143E7,0.0,Yes
13,api/src/main/java/javax/faces/component/html/_HtmlInputTextarea.java,7.0E7,0.0,0.0,0.0,0.0,0.0,0.0,0.0,0.0,0.0,0.0,0.0,0.0,0.0,1.1857143E7,0.0,Yes
13,api/src/main/java/javax/faces/component/html/_HtmlSelectBooleanCheckbox.java,6.1E7,0.0,0.0,0.0,0.0,0.0,0.0,0.0,0.0,0.0,0.0,0.0,0.0,0.0,1.1857143E7,0.0,Yes
13,api/src/main/java/javax/faces/component/html/_HtmlSelectManyCheckbox.java,8.9E7,0.0,0.0,0.0,0.0,0.0,0.0,0.0,0.0,0.0,0.0,0.0,0.0,0.0,1.1857143E7,0.0,Yes
13,api/src/main/java/javax/faces/component/html/_HtmlSelectManyListbox.java,8.4E7,0.0,0.0,0.0,0.0,0.0,0.0,0.0,0.0,0.0,0.0,0.0,0.0,0.0,1.1857143E7,0.0,Yes
13,api/src/main/java/javax/faces/component/html/_HtmlSelectManyMenu.java,7.4E7,0.0,0.0,0.0,0.0,0.0,0.0,0.0,0.0,0.0,0.0,0.0,0.0,0.0,1.1857143E7,0.0,Yes
13,api/src/main/java/javax/faces/component/html/_HtmlSelectOneListbox.java,8.1E7,0.0,0.0,0.0,0.0,0.0,0.0,0.0,0.0,0.0,0.0,0.0,0.0,0.0,1.1857143E7,0.0,Yes
13,api/src/main/java/javax/faces/component/html/_HtmlSelectOneMenu.java,6.9E7,0.0,0.0,0.0,0.0,0.0,0.0,0.0,0.0,0.0,0.0,0.0,0.0,0.0,1.1857143E7,0.0,Yes
13,api/src/main/java/javax/faces/component/html/_HtmlSelectOneRadio.java,8.1E7,0.0,0.0,0.0,0.0,0.0,0.0,0.0,0.0,0.0,0.0,0.0,0.0,0.0,1.1857143E7,0.0,Yes
13,api/src/main/java/javax/faces/context/ExternalContext.java,2.59E8,1.3E8,3000000.0,0.0,2000000.0,1.26E8,6.5E7,4.2E7,1.22E8,6.1E7,4.0666667E7,1.53E8,1.51E8,5.1E7,1.36428572E8,1.36285715E8,Yes
13,api/src/main/java/javax/faces/convert/NumberConverter.java,4.3E8,2000000.0,1000000.0,0.0,1000000.0,1000000.0,1000000.0,1000000.0,0.0,0.0,0.0,1000000.0,1000000.0,1000000.0,1.36428572E8,1.36E8,Yes
13,api/src/main/java/javax/faces/event/MethodExpressionActionListener.java,6.8E7,0.0,0.0,0.0,0.0,0.0,0.0,0.0,0.0,0.0,0.0,0.0,0.0,0.0,1.17571429E8,0.0,Yes
13,api/src/main/java/javax/faces/event/MethodExpressionValueChangeListener.java,6.8E7,0.0,0.0,0.0,0.0,0.0,0.0,0.0,0.0,0.0,0.0,0.0,0.0,0.0,1.17571429E8,0.0,Yes
13,api/src/main/java/javax/faces/webapp/FacesServlet.java,2.79E8,1.6E7,2000000.0,0.0,1000000.0,8000000.0,4000000.0,4000000.0,0.0,0.0,0.0,2.98E8,1.51E8,1.49E8,1.36428572E8,1.36285715E8,Yes
13,api/src/main/java/javax/faces/webapp/UIComponentClassicTagBase.java,1.099E9,8000000.0,2000000.0,0.0,1000000.0,4000000.0,2000000.0,2000000.0,0.0,0.0,0.0,2.98E8,1.51E8,1.49E8,1.15428572E8,1.15285715E8,Yes
13,api/src/main/java/javax/faces/webapp/_ErrorPageWriter.java,5.16E8,8.2E7,2000000.0,0.0,1000000.0,4.1E7,2.8E7,2.05E7,0.0,1.5E7,0.0,2.98E8,1.51E8,1.49E8,5.7428572E7,5.7285715E7,Yes
13,impl/src/main/java/org/apache/myfaces/application/jsp/JspStateManagerImpl.java,7.91E8,8.6E7,2000000.0,0.0,1000000.0,4.3E7,2.9E7,2.15E7,0.0,1.5E7,0.0,2.98E8,1.51E8,1.49E8,1.36428572E8,1.36285715E8,Yes
13,impl/src/main/java/org/apache/myfaces/config/FacesConfigurator.java,8.96E8,1.22E8,2000000.0,0.0,1000000.0,6.1E7,3.9E7,3.05E7,0.0,1.7E7,0.0,2.98E8,1.51E8,1.49E8,1.36428572E8,1.36285715E8,Yes
13,impl/src/main/java/org/apache/myfaces/config/annotation/DefaultLifecycleProviderFactory.java,1.95E8,3.4E7,2000000.0,0.0,1000000.0,1.7E7,9000000.0,8500000.0,0.0,1000000.0,0.0,2.98E8,1.51E8,1.49E8,7.7857143E7,7.7714286E7,Yes
13,impl/src/main/java/org/apache/myfaces/config/annotation/NoInjectionAnnotationLifecycleProvider.java,1.21E8,1.8E7,2000000.0,0.0,1000000.0,9000000.0,5000000.0,4500000.0,0.0,1000000.0,0.0,2.98E8,1.51E8,1.49E8,7.7857143E7,7.7714286E7,Yes
13,impl/src/main/java/org/apache/myfaces/config/impl/digester/DigesterFacesConfigUnmarshallerImpl.java,1.94E8,4.0E7,2000000.0,0.0,1000000.0,2.0E7,1.8E7,1.0E7,0.0,1.6E7,0.0,2.98E8,1.51E8,1.49E8,1.36428572E8,1.36285715E8,Yes
13,impl/src/main/java/org/apache/myfaces/lifecycle/DefaultRestoreViewSupport.java,1.15E8,2000000.0,2000000.0,0.0,1000000.0,1000000.0,1000000.0,500000.0,0.0,1000000.0,0.0,2.98E8,1.51E8,1.49E8,7.6571429E7,7.6428572E7,Yes
13,impl/src/main/java/org/apache/myfaces/webapp/AbstractFacesInitializer.java,1.47E8,0.0,0.0,0.0,0.0,0.0,0.0,0.0,0.0,0.0,0.0,0.0,0.0,0.0,4.0E7,0.0,Yes
14,api/src/main/java/javax/faces/application/Application.java,2.77E8,3.68E8,9000000.0,0.0,1000000.0,1.89E8,1.79E8,2.1E7,1.0E7,2.7E7,1111112.0,1.15E8,8.6E7,1.2777778E7,1.45714286E8,1.40550078E8,Yes
14,api/src/main/java/javax/faces/application/StateManager.java,2.65E8,2.05E8,2000000.0,0.0,1000000.0,1.2E8,9.4E7,6.0E7,3.5E7,2.0E7,1.75E7,2.04E8,2.0E8,1.02E8,1.45714286E8,1.42049478E8,Yes
14,api/src/main/java/javax/faces/application/ViewHandler.java,2.26E8,2.71E8,3000000.0,0.0,1000000.0,1.22E8,1.05E8,4.0666667E7,-2.7E7,1000000.0,-9000000.0,2.17E8,2.0E8,7.2333334E7,1.45714286E8,1.41706906E8,Yes
14,api/src/main/java/javax/faces/component/UICommand.java,3.08E8,0.0,0.0,0.0,0.0,0.0,0.0,0.0,0.0,0.0,0.0,0.0,0.0,0.0,1.45714286E8,0.0,Yes
14,api/src/main/java/javax/faces/component/UIData.java,1.037E9,5.7E8,2000000.0,0.0,2000000.0,2.61E8,2.58E8,1.305E8,-4.8E7,-2000000.0,-2.4E7,2.01E8,2.0E8,1.005E8,1.45714286E8,1.41652131E8,Yes
14,api/src/main/java/javax/faces/component/UIInput.java,7.53E8,2.71E8,2000000.0,0.0,1000000.0,1.18E8,1.1E8,5.9E7,-3.5E7,8000000.0,-1.75E7,2.02E8,2.0E8,1.01E8,1.45714286E8,1.4176911E8,Yes
14,api/src/main/java/javax/faces/component/UINamingContainer.java,4.9E7,7000000.0,1000000.0,0.0,1000000.0,6000000.0,6000000.0,6000000.0,5000000.0,5000000.0,5000000.0,6.8E7,6.8E7,6.8E7,1.45714286E8,1.37857143E8,Yes
14,api/src/main/java/javax/faces/component/UISelectBoolean.java,1.45E8,6000000.0,1000000.0,0.0,1000000.0,6000000.0,6000000.0,6000000.0,6000000.0,6000000.0,6000000.0,2.0E8,2.0E8,2.0E8,1.45714286E8,1.41714286E8,Yes
14,api/src/main/java/javax/faces/component/UISelectMany.java,4.4E8,8.9E7,1000000.0,0.0,1000000.0,4.7E7,4.7E7,4.7E7,5000000.0,5000000.0,5000000.0,2.0E8,2.0E8,2.0E8,1.45714286E8,1.41714286E8,Yes
14,api/src/main/java/javax/faces/component/UISelectOne.java,8.7E7,2.3E7,1000000.0,0.0,1000000.0,1.0E7,1.0E7,1.0E7,-3000000.0,-3000000.0,-3000000.0,2.0E8,2.0E8,2.0E8,1.45714286E8,1.41714286E8,Yes
14,api/src/main/java/javax/faces/component/html/HtmlInputHidden.java,6.6E7,0.0,0.0,0.0,0.0,0.0,0.0,0.0,0.0,0.0,0.0,0.0,0.0,0.0,1.45714286E8,0.0,Yes
14,api/src/main/java/javax/faces/component/html/_HtmlCommandButton.java,7.1E7,0.0,0.0,0.0,0.0,0.0,0.0,0.0,0.0,0.0,0.0,0.0,0.0,0.0,2.1142858E7,0.0,Yes
14,api/src/main/java/javax/faces/component/html/_HtmlCommandLink.java,6.5E7,0.0,0.0,0.0,0.0,0.0,0.0,0.0,0.0,0.0,0.0,0.0,0.0,0.0,2.1142858E7,0.0,Yes
14,api/src/main/java/javax/faces/component/html/_HtmlInputSecret.java,9.2E7,0.0,0.0,0.0,0.0,0.0,0.0,0.0,0.0,0.0,0.0,0.0,0.0,0.0,2.1142858E7,0.0,Yes
14,api/src/main/java/javax/faces/component/html/_HtmlInputText.java,8.1E7,0.0,0.0,0.0,0.0,0.0,0.0,0.0,0.0,0.0,0.0,0.0,0.0,0.0,2.1142858E7,0.0,Yes
14,api/src/main/java/javax/faces/component/html/_HtmlInputTextarea.java,7.0E7,0.0,0.0,0.0,0.0,0.0,0.0,0.0,0.0,0.0,0.0,0.0,0.0,0.0,2.1142858E7,0.0,Yes
14,api/src/main/java/javax/faces/component/html/_HtmlSelectBooleanCheckbox.java,6.1E7,0.0,0.0,0.0,0.0,0.0,0.0,0.0,0.0,0.0,0.0,0.0,0.0,0.0,2.1142858E7,0.0,Yes
14,api/src/main/java/javax/faces/component/html/_HtmlSelectManyCheckbox.java,8.9E7,0.0,0.0,0.0,0.0,0.0,0.0,0.0,0.0,0.0,0.0,0.0,0.0,0.0,2.1142858E7,0.0,Yes
14,api/src/main/java/javax/faces/component/html/_HtmlSelectManyListbox.java,8.4E7,0.0,0.0,0.0,0.0,0.0,0.0,0.0,0.0,0.0,0.0,0.0,0.0,0.0,2.1142858E7,0.0,Yes
14,api/src/main/java/javax/faces/component/html/_HtmlSelectManyMenu.java,7.4E7,0.0,0.0,0.0,0.0,0.0,0.0,0.0,0.0,0.0,0.0,0.0,0.0,0.0,2.1142858E7,0.0,Yes
14,api/src/main/java/javax/faces/component/html/_HtmlSelectOneListbox.java,8.1E7,0.0,0.0,0.0,0.0,0.0,0.0,0.0,0.0,0.0,0.0,0.0,0.0,0.0,2.1142858E7,0.0,Yes
14,api/src/main/java/javax/faces/component/html/_HtmlSelectOneMenu.java,6.9E7,0.0,0.0,0.0,0.0,0.0,0.0,0.0,0.0,0.0,0.0,0.0,0.0,0.0,2.1142858E7,0.0,Yes
14,api/src/main/java/javax/faces/component/html/_HtmlSelectOneRadio.java,8.1E7,0.0,0.0,0.0,0.0,0.0,0.0,0.0,0.0,0.0,0.0,0.0,0.0,0.0,2.1142858E7,0.0,Yes
14,api/src/main/java/javax/faces/context/ExternalContext.java,2.4E8,7.2E7,3000000.0,0.0,1000000.0,3.5E7,3.3E7,1.1666667E7,-2000000.0,2000000.0,-666666.0,2.04E8,2.0E8,6.8E7,1.45714286E8,1.41714286E8,Yes
14,api/src/main/java/javax/faces/convert/NumberConverter.java,5.05E8,8.3E7,1000000.0,0.0,1000000.0,8.0E7,8.0E7,8.0E7,7.7E7,7.7E7,7.7E7,6.8E7,6.8E7,6.8E7,1.45714286E8,1.37857143E8,Yes
14,api/src/main/java/javax/faces/event/MethodExpressionActionListener.java,7.3E7,5.4E7,1000000.0,0.0,1000000.0,3.3E7,3.3E7,3.3E7,1.2E7,1.2E7,1.2E7,1.8E7,1.8E7,1.8E7,1.26857143E8,1.21285715E8,Yes
14,api/src/main/java/javax/faces/event/MethodExpressionValueChangeListener.java,7.3E7,5.4E7,1000000.0,0.0,1000000.0,3.3E7,3.3E7,3.3E7,1.2E7,1.2E7,1.2E7,1.8E7,1.8E7,1.8E7,1.26857143E8,1.21285715E8,Yes
14,api/src/main/java/javax/faces/webapp/FacesServlet.java,4.37E8,4.45E8,3000000.0,0.0,2000000.0,3.01E8,2.08E8,1.00333334E8,1.57E8,8.1E7,5.2333334E7,2.07E8,2.0E8,6.9E7,1.45714286E8,1.4194992E8,Yes
14,api/src/main/java/javax/faces/webapp/UIComponentClassicTagBase.java,1.093E9,4.18E8,1000000.0,0.0,1000000.0,2.02E8,2.02E8,2.02E8,-1.4E7,-1.4E7,-1.4E7,2.0E8,2.0E8,2.0E8,1.24714286E8,1.20714286E8,Yes
14,api/src/main/java/javax/faces/webapp/_ErrorPageWriter.java,6.13E8,3.97E8,1000000.0,0.0,1000000.0,2.5E8,2.5E8,2.5E8,1.03E8,1.03E8,1.03E8,2.0E8,2.0E8,2.0E8,6.6714286E7,6.2714286E7,Yes
14,impl/src/main/java/org/apache/myfaces/application/ApplicationFactoryImpl.java,6.6E7,1.9E7,1000000.0,0.0,1000000.0,1.1E7,1.1E7,1.1E7,3000000.0,3000000.0,3000000.0,2.0E8,2.0E8,2.0E8,1.45714286E8,1.41714286E8,Yes
14,impl/src/main/java/org/apache/myfaces/application/ApplicationImpl.java,1.386E9,1.577E9,1.5E7,0.0,2000000.0,1.085E9,3.34E8,7.2333334E7,5.93E8,2.58E8,3.9533334E7,3.63E8,2.0E8,2.42E7,1.45714286E8,1.41022738E8,Yes
14,impl/src/main/java/org/apache/myfaces/application/jsp/JspStateManagerImpl.java,9.03E8,1.6E8,4000000.0,0.0,3000000.0,1.36E8,1.04E8,3.4E7,1.12E8,9.9E7,2.8E7,3.23E8,2.0E8,8.075E7,1.45714286E8,1.38944643E8,Yes
14,impl/src/main/java/org/apache/myfaces/application/jsp/ViewResponseWrapper.java,2.07E8,1000000.0,1000000.0,0.0,1000000.0,1000000.0,1000000.0,1000000.0,1000000.0,1000000.0,1000000.0,2.0E8,2.0E8,2.0E8,9.4714286E7,9.0714286E7,Yes
14,impl/src/main/java/org/apache/myfaces/config/FacesConfigurator.java,1.086E9,1.247E9,7000000.0,0.0,2000000.0,7.2E8,3.69E8,1.02857143E8,1.93E8,2.33E8,2.7571429E7,2.98E8,2.0E8,4.2571429E7,1.45714286E8,1.39474396E8,Yes
14,impl/src/main/java/org/apache/myfaces/config/ManagedBeanBuilder.java,5.15E8,8.6E7,2000000.0,0.0,1000000.0,5.2E7,5.2E7,2.6E7,1.8E7,1.9E7,9000000.0,2.86E8,2.0E8,1.43E8,1.45714286E8,1.4016113E8,Yes
14,impl/src/main/java/org/apache/myfaces/config/annotation/DefaultLifecycleProviderFactory.java,1.97E8,6000000.0,2000000.0,0.0,1000000.0,4000000.0,2000000.0,2000000.0,2000000.0,2000000.0,1000000.0,2.86E8,2.0E8,1.43E8,8.7142858E7,8.204762E7,Yes
14,impl/src/main/java/org/apache/myfaces/config/annotation/NoAnnotationLifecyleProvider.java,3.1E7,4000000.0,1000000.0,0.0,1000000.0,1000000.0,1000000.0,1000000.0,-2000000.0,-2000000.0,-2000000.0,8.6E7,8.6E7,8.6E7,8.7142858E7,8.1571429E7,Yes
14,impl/src/main/java/org/apache/myfaces/config/annotation/NoInjectionAnnotationLifecycleProvider.java,1.18E8,4.5E7,2000000.0,0.0,1000000.0,2.0E7,1.9E7,1.0E7,-5000000.0,0.0,-2500000.0,2.86E8,2.0E8,1.43E8,8.7142858E7,8.2936508E7,Yes
14,impl/src/main/java/org/apache/myfaces/config/annotation/TomcatAnnotationLifecycleProvider.java,6.2E7,2000000.0,1000000.0,0.0,1000000.0,1000000.0,1000000.0,1000000.0,0.0,0.0,0.0,8.6E7,8.6E7,8.6E7,8.7E7,8.1428572E7,Yes
14,impl/src/main/java/org/apache/myfaces/config/impl/digester/DigesterFacesConfigUnmarshallerImpl.java,1.96E8,2.1E7,3000000.0,0.0,2000000.0,9000000.0,4000000.0,3000000.0,-3000000.0,4000000.0,-1000000.0,9.8E7,8.6E7,3.2666667E7,1.45714286E8,1.40068028E8,Yes
14,impl/src/main/java/org/apache/myfaces/context/servlet/FacesContextImpl.java,4.06E8,3.39E8,7000000.0,0.0,3000000.0,2.13E8,1.15E8,3.0428572E7,8.7E7,3.2E7,1.2428572E7,3.44E8,2.0E8,4.9142858E7,1.45714286E8,1.4030215E8,Yes
14,impl/src/main/java/org/apache/myfaces/lifecycle/DefaultRestoreViewSupport.java,1.13E8,2.7E7,2000000.0,0.0,1000000.0,1.3E7,1.2E7,6500000.0,-1000000.0,0.0,-500000.0,9.7E7,8.6E7,4.85E7,8.5857143E7,8.0666667E7,Yes
14,impl/src/main/java/org/apache/myfaces/renderkit/html/HtmlRenderKitImpl.java,1.94E8,1.67E8,4000000.0,0.0,3000000.0,1.06E8,3.4E7,2.65E7,4.5E7,3.4E7,1.125E7,3.05E8,2.0E8,7.625E7,1.45714286E8,1.40745082E8,Yes
14,impl/src/main/java/org/apache/myfaces/renderkit/html/HtmlResponseStateManager.java,2.06E8,1.35E8,1000000.0,0.0,1000000.0,7.7E7,7.7E7,7.7E7,1.9E7,1.9E7,1.9E7,2.0E8,2.0E8,2.0E8,1.45714286E8,1.41714286E8,Yes
14,impl/src/main/java/org/apache/myfaces/resource/ClassLoaderResourceLoader.java,3.91E8,7.08E8,5000000.0,0.0,2000000.0,5.62E8,3.99E8,1.124E8,4.16E8,3.99E8,8.32E7,2.11E8,2.0E8,4.22E7,4714286.0,324052.0,Yes
14,impl/src/main/java/org/apache/myfaces/taglib/core/ConverterImplTag.java,1.41E8,7.0E7,2000000.0,0.0,2000000.0,3.8E7,2.0E7,1.9E7,6000000.0,1.7E7,3000000.0,2.68E8,2.0E8,1.34E8,1.07714286E8,1.02351021E8,Yes
14,impl/src/main/java/org/apache/myfaces/taglib/core/LoadBundleTag.java,2.33E8,1.25E8,3000000.0,0.0,2000000.0,7.2E7,4.5E7,2.4E7,1.9E7,2.3E7,6333334.0,3.54E8,2.0E8,1.18E8,1.45714286E8,1.39797715E8,Yes
14,impl/src/main/java/org/apache/myfaces/webapp/AbstractFacesInitializer.java,1.47E8,0.0,0.0,0.0,0.0,0.0,0.0,0.0,0.0,0.0,0.0,0.0,0.0,0.0,4.9285715E7,0.0,Yes
14,impl/src/main/java/org/apache/myfaces/webapp/Jsp20FacesInitializer.java,1.89E8,1.62E8,1000000.0,0.0,1000000.0,8.5E7,8.5E7,8.5E7,8000000.0,8000000.0,8000000.0,2.0E8,2.0E8,2.0E8,4.9285715E7,4.5142858E7,Yes
14,impl/src/main/java/org/apache/myfaces/webapp/Jsp21FacesInitializer.java,1.2E8,0.0,0.0,0.0,0.0,0.0,0.0,0.0,0.0,0.0,0.0,0.0,0.0,0.0,4.9285715E7,0.0,Yes
15,api/src/main/java/javax/faces/application/Application.java,9.16E8,1.574E9,5000000.0,0.0,2000000.0,1.107E9,5.51E8,2.214E8,6.4E8,5.16E8,1.28E8,7000000.0,2000000.0,1400000.0,1.57714286E8,1.48753313E8,Yes
15,api/src/main/java/javax/faces/application/StateManager.java,2.65E8,0.0,0.0,0.0,0.0,0.0,0.0,0.0,0.0,0.0,0.0,0.0,0.0,0.0,1.57714286E8,0.0,Yes
15,api/src/main/java/javax/faces/application/ViewHandler.java,2.26E8,0.0,0.0,0.0,0.0,0.0,0.0,0.0,0.0,0.0,0.0,0.0,0.0,0.0,1.57714286E8,0.0,Yes
15,api/src/main/java/javax/faces/component/UIColumn.java,6.3E7,0.0,0.0,1000000.0,0.0,0.0,0.0,0.0,0.0,0.0,0.0,0.0,0.0,0.0,1.57714286E8,0.0,Yes
15,api/src/main/java/javax/faces/component/UICommand.java,3.08E8,0.0,0.0,1000000.0,0.0,0.0,0.0,0.0,0.0,0.0,0.0,0.0,0.0,0.0,1.57714286E8,0.0,Yes
15,api/src/main/java/javax/faces/component/UIComponentBase.java,1.292E9,0.0,0.0,1000000.0,0.0,0.0,0.0,0.0,0.0,0.0,0.0,0.0,0.0,0.0,1.57714286E8,0.0,Yes
15,api/src/main/java/javax/faces/component/UIData.java,1.037E9,0.0,0.0,0.0,0.0,0.0,0.0,0.0,0.0,0.0,0.0,0.0,0.0,0.0,1.57714286E8,0.0,Yes
15,api/src/main/java/javax/faces/component/UIInput.java,7.53E8,0.0,0.0,1000000.0,0.0,0.0,0.0,0.0,0.0,0.0,0.0,0.0,0.0,0.0,1.57714286E8,0.0,Yes
15,api/src/main/java/javax/faces/component/UINamingContainer.java,4.9E7,0.0,0.0,0.0,0.0,0.0,0.0,0.0,0.0,0.0,0.0,0.0,0.0,0.0,1.57714286E8,0.0,Yes
15,api/src/main/java/javax/faces/component/UISelectBoolean.java,1.45E8,0.0,0.0,0.0,0.0,0.0,0.0,0.0,0.0,0.0,0.0,0.0,0.0,0.0,1.57714286E8,0.0,Yes
15,api/src/main/java/javax/faces/component/UISelectMany.java,4.4E8,0.0,0.0,0.0,0.0,0.0,0.0,0.0,0.0,0.0,0.0,0.0,0.0,0.0,1.57714286E8,0.0,Yes
15,api/src/main/java/javax/faces/component/UISelectOne.java,8.7E7,0.0,0.0,0.0,0.0,0.0,0.0,0.0,0.0,0.0,0.0,0.0,0.0,0.0,1.57714286E8,0.0,Yes
15,api/src/main/java/javax/faces/component/html/HtmlInputHidden.java,6.6E7,0.0,0.0,0.0,0.0,0.0,0.0,0.0,0.0,0.0,0.0,0.0,0.0,0.0,1.57714286E8,0.0,Yes
15,api/src/main/java/javax/faces/component/html/_HtmlCommandButton.java,7.1E7,0.0,0.0,0.0,0.0,0.0,0.0,0.0,0.0,0.0,0.0,0.0,0.0,0.0,3.3142858E7,0.0,Yes
15,api/src/main/java/javax/faces/component/html/_HtmlCommandLink.java,6.5E7,0.0,0.0,0.0,0.0,0.0,0.0,0.0,0.0,0.0,0.0,0.0,0.0,0.0,3.3142858E7,0.0,Yes
15,api/src/main/java/javax/faces/component/html/_HtmlInputSecret.java,9.2E7,0.0,0.0,0.0,0.0,0.0,0.0,0.0,0.0,0.0,0.0,0.0,0.0,0.0,3.3142858E7,0.0,Yes
15,api/src/main/java/javax/faces/component/html/_HtmlInputText.java,8.1E7,0.0,0.0,0.0,0.0,0.0,0.0,0.0,0.0,0.0,0.0,0.0,0.0,0.0,3.3142858E7,0.0,Yes
15,api/src/main/java/javax/faces/component/html/_HtmlInputTextarea.java,7.0E7,0.0,0.0,0.0,0.0,0.0,0.0,0.0,0.0,0.0,0.0,0.0,0.0,0.0,3.3142858E7,0.0,Yes
15,api/src/main/java/javax/faces/component/html/_HtmlSelectBooleanCheckbox.java,6.1E7,0.0,0.0,0.0,0.0,0.0,0.0,0.0,0.0,0.0,0.0,0.0,0.0,0.0,3.3142858E7,0.0,Yes
15,api/src/main/java/javax/faces/component/html/_HtmlSelectManyCheckbox.java,8.9E7,0.0,0.0,0.0,0.0,0.0,0.0,0.0,0.0,0.0,0.0,0.0,0.0,0.0,3.3142858E7,0.0,Yes
15,api/src/main/java/javax/faces/component/html/_HtmlSelectManyListbox.java,8.4E7,0.0,0.0,0.0,0.0,0.0,0.0,0.0,0.0,0.0,0.0,0.0,0.0,0.0,3.3142858E7,0.0,Yes
15,api/src/main/java/javax/faces/component/html/_HtmlSelectManyMenu.java,7.4E7,0.0,0.0,0.0,0.0,0.0,0.0,0.0,0.0,0.0,0.0,0.0,0.0,0.0,3.3142858E7,0.0,Yes
15,api/src/main/java/javax/faces/component/html/_HtmlSelectOneListbox.java,8.1E7,0.0,0.0,0.0,0.0,0.0,0.0,0.0,0.0,0.0,0.0,0.0,0.0,0.0,3.3142858E7,0.0,Yes
15,api/src/main/java/javax/faces/component/html/_HtmlSelectOneMenu.java,6.9E7,0.0,0.0,0.0,0.0,0.0,0.0,0.0,0.0,0.0,0.0,0.0,0.0,0.0,3.3142858E7,0.0,Yes
15,api/src/main/java/javax/faces/component/html/_HtmlSelectOneRadio.java,8.1E7,0.0,0.0,0.0,0.0,0.0,0.0,0.0,0.0,0.0,0.0,0.0,0.0,0.0,3.3142858E7,0.0,Yes
15,api/src/main/java/javax/faces/context/ExternalContext.java,2.35E8,3.3E7,8000000.0,0.0,2000000.0,1.4E7,5000000.0,1750000.0,-5000000.0,5000000.0,-625000.0,1.4E7,2000000.0,1750000.0,1.57714286E8,1.47445888E8,Yes
15,api/src/main/java/javax/faces/convert/NumberConverter.java,5.05E8,0.0,0.0,0.0,0.0,0.0,0.0,0.0,0.0,0.0,0.0,0.0,0.0,0.0,1.57714286E8,0.0,Yes
15,api/src/main/java/javax/faces/event/MethodExpressionActionListener.java,7.3E7,0.0,0.0,0.0,0.0,0.0,0.0,0.0,0.0,0.0,0.0,0.0,0.0,0.0,1.38857143E8,0.0,Yes
15,api/src/main/java/javax/faces/event/MethodExpressionValueChangeListener.java,7.3E7,0.0,0.0,0.0,0.0,0.0,0.0,0.0,0.0,0.0,0.0,0.0,0.0,0.0,1.38857143E8,0.0,Yes
15,api/src/main/java/javax/faces/webapp/FacesServlet.java,4.37E8,0.0,0.0,0.0,0.0,0.0,0.0,0.0,0.0,0.0,0.0,0.0,0.0,0.0,1.57714286E8,0.0,Yes
15,api/src/main/java/javax/faces/webapp/UIComponentClassicTagBase.java,1.093E9,0.0,0.0,0.0,0.0,0.0,0.0,0.0,0.0,0.0,0.0,0.0,0.0,0.0,1.36714286E8,0.0,Yes
15,api/src/main/java/javax/faces/webapp/_ErrorPageWriter.java,6.13E8,0.0,0.0,0.0,0.0,0.0,0.0,0.0,0.0,0.0,0.0,0.0,0.0,0.0,7.8714286E7,0.0,Yes
15,impl/src/main/java/org/apache/myfaces/application/ApplicationFactoryImpl.java,6.6E7,0.0,0.0,0.0,0.0,0.0,0.0,0.0,0.0,0.0,0.0,0.0,0.0,0.0,1.57714286E8,0.0,Yes
15,impl/src/main/java/org/apache/myfaces/application/ApplicationImpl.java,1.389E9,3.5E7,2000000.0,0.0,1000000.0,1.9E7,1.5E7,9500000.0,3000000.0,4000000.0,1500000.0,3000000.0,2000000.0,1500000.0,1.57714286E8,1.49779592E8,Yes
15,impl/src/main/java/org/apache/myfaces/application/jsp/JspStateManagerImpl.java,9.03E8,0.0,0.0,0.0,0.0,0.0,0.0,0.0,0.0,0.0,0.0,0.0,0.0,0.0,1.57714286E8,0.0,Yes
15,impl/src/main/java/org/apache/myfaces/application/jsp/ViewResponseWrapper.java,2.07E8,0.0,0.0,0.0,0.0,0.0,0.0,0.0,0.0,0.0,0.0,0.0,0.0,0.0,1.06714286E8,0.0,Yes
15,impl/src/main/java/org/apache/myfaces/config/FacesConfigurator.java,1.086E9,0.0,0.0,0.0,0.0,0.0,0.0,0.0,0.0,0.0,0.0,0.0,0.0,0.0,1.57714286E8,0.0,Yes
15,impl/src/main/java/org/apache/myfaces/config/ManagedBeanBuilder.java,5.15E8,0.0,0.0,0.0,0.0,0.0,0.0,0.0,0.0,0.0,0.0,0.0,0.0,0.0,1.57714286E8,0.0,Yes
15,impl/src/main/java/org/apache/myfaces/config/annotation/DefaultLifecycleProviderFactory.java,1.97E8,0.0,0.0,0.0,0.0,0.0,0.0,0.0,0.0,0.0,0.0,0.0,0.0,0.0,9.9142858E7,0.0,Yes
15,impl/src/main/java/org/apache/myfaces/config/annotation/NoAnnotationLifecyleProvider.java,3.1E7,0.0,0.0,0.0,0.0,0.0,0.0,0.0,0.0,0.0,0.0,0.0,0.0,0.0,9.9142858E7,0.0,Yes
15,impl/src/main/java/org/apache/myfaces/config/annotation/NoInjectionAnnotationLifecycleProvider.java,1.18E8,0.0,0.0,0.0,0.0,0.0,0.0,0.0,0.0,0.0,0.0,0.0,0.0,0.0,9.9142858E7,0.0,Yes
15,impl/src/main/java/org/apache/myfaces/config/annotation/TomcatAnnotationLifecycleProvider.java,6.2E7,0.0,0.0,0.0,0.0,0.0,0.0,0.0,0.0,0.0,0.0,0.0,0.0,0.0,9.9E7,0.0,Yes
15,impl/src/main/java/org/apache/myfaces/config/impl/digester/DigesterFacesConfigDispenserImpl.java,4.24E8,0.0,0.0,0.0,0.0,0.0,0.0,0.0,0.0,0.0,0.0,0.0,0.0,0.0,1.57714286E8,0.0,Yes
15,impl/src/main/java/org/apache/myfaces/config/impl/digester/DigesterFacesConfigUnmarshallerImpl.java,1.96E8,0.0,0.0,0.0,0.0,0.0,0.0,0.0,0.0,0.0,0.0,0.0,0.0,0.0,1.57714286E8,0.0,Yes
15,impl/src/main/java/org/apache/myfaces/context/servlet/FacesContextImpl.java,7.14E8,1.576E9,1.0E7,0.0,3000000.0,9.77E8,3.8E8,9.77E7,3.78E8,9.5E7,3.78E7,2.4E7,4000000.0,2400000.0,1.57714286E8,1.51775925E8,Yes
15,impl/src/main/java/org/apache/myfaces/lifecycle/DefaultRestoreViewSupport.java,1.13E8,0.0,0.0,0.0,0.0,0.0,0.0,0.0,0.0,0.0,0.0,0.0,0.0,0.0,9.7857143E7,0.0,Yes
15,impl/src/main/java/org/apache/myfaces/renderkit/html/HtmlRenderKitImpl.java,1.94E8,0.0,0.0,0.0,0.0,0.0,0.0,0.0,0.0,0.0,0.0,0.0,0.0,0.0,1.57714286E8,0.0,Yes
15,impl/src/main/java/org/apache/myfaces/renderkit/html/HtmlResponseStateManager.java,2.06E8,0.0,0.0,0.0,0.0,0.0,0.0,0.0,0.0,0.0,0.0,0.0,0.0,0.0,1.57714286E8,0.0,Yes
15,impl/src/main/java/org/apache/myfaces/resource/ClassLoaderResourceLoader.java,3.91E8,0.0,0.0,0.0,0.0,0.0,0.0,0.0,0.0,0.0,0.0,0.0,0.0,0.0,1.6714286E7,0.0,Yes
15,impl/src/main/java/org/apache/myfaces/taglib/core/ConverterImplTag.java,1.41E8,0.0,0.0,0.0,0.0,0.0,0.0,0.0,0.0,0.0,0.0,0.0,0.0,0.0,1.19714286E8,0.0,Yes
15,impl/src/main/java/org/apache/myfaces/taglib/core/LoadBundleTag.java,2.33E8,0.0,0.0,0.0,0.0,0.0,0.0,0.0,0.0,0.0,0.0,0.0,0.0,0.0,1.57714286E8,0.0,Yes
15,impl/src/main/java/org/apache/myfaces/webapp/AbstractFacesInitializer.java,1.47E8,0.0,0.0,0.0,0.0,0.0,0.0,0.0,0.0,0.0,0.0,0.0,0.0,0.0,6.1285715E7,0.0,Yes
15,impl/src/main/java/org/apache/myfaces/webapp/Jsp20FacesInitializer.java,1.89E8,0.0,0.0,0.0,0.0,0.0,0.0,0.0,0.0,0.0,0.0,0.0,0.0,0.0,6.1285715E7,0.0,Yes
15,impl/src/main/java/org/apache/myfaces/webapp/Jsp21FacesInitializer.java,1.2E8,0.0,0.0,0.0,0.0,0.0,0.0,0.0,0.0,0.0,0.0,0.0,0.0,0.0,6.1285715E7,0.0,Yes
16,api/src/main/java/javax/faces/application/StateManager.java,2.65E8,0.0,0.0,0.0,0.0,0.0,0.0,0.0,0.0,0.0,0.0,0.0,0.0,0.0,1.76428572E8,0.0,Yes
16,api/src/main/java/javax/faces/application/ViewHandler.java,2.57E8,2.4E8,2000000.0,0.0,2000000.0,1.38E8,1.11E8,6.9E7,3.6E7,1.08E8,1.8E7,1.43E8,1.35E8,7.15E7,1.76428572E8,1.70496429E8,Yes
16,api/src/main/java/javax/faces/component/UICommand.java,3.07E8,0.0,0.0,1000000.0,0.0,0.0,0.0,0.0,0.0,0.0,0.0,0.0,0.0,0.0,1.76428572E8,0.0,Yes
16,api/src/main/java/javax/faces/component/UIData.java,1.049E9,1.5E7,1000000.0,0.0,1000000.0,1.4E7,1.4E7,1.4E7,1.3E7,1.3E7,1.3E7,1.35E8,1.35E8,1.35E8,1.76428572E8,1.67571429E8,Yes
16,api/src/main/java/javax/faces/component/UIInput.java,7.67E8,1.4E7,1000000.0,8000000.0,1000000.0,1.4E7,1.4E7,1.4E7,1.4E7,1.4E7,1.4E7,2000000.0,2000000.0,2000000.0,1.76428572E8,1.64E8,Yes
16,api/src/main/java/javax/faces/component/UINamingContainer.java,9.2E7,4.7E7,1000000.0,0.0,1000000.0,4.6E7,4.6E7,4.6E7,4.5E7,4.5E7,4.5E7,1.35E8,1.35E8,1.35E8,1.76428572E8,1.67571429E8,Yes
16,api/src/main/java/javax/faces/component/UISelectBoolean.java,1.45E8,0.0,0.0,0.0,0.0,0.0,0.0,0.0,0.0,0.0,0.0,0.0,0.0,0.0,1.76428572E8,0.0,Yes
16,api/src/main/java/javax/faces/component/UISelectMany.java,4.4E8,0.0,0.0,0.0,0.0,0.0,0.0,0.0,0.0,0.0,0.0,0.0,0.0,0.0,1.76428572E8,0.0,Yes
16,api/src/main/java/javax/faces/component/UISelectOne.java,8.7E7,0.0,0.0,0.0,0.0,0.0,0.0,0.0,0.0,0.0,0.0,0.0,0.0,0.0,1.76428572E8,0.0,Yes
16,api/src/main/java/javax/faces/component/html/HtmlInputHidden.java,6.6E7,0.0,0.0,0.0,0.0,0.0,0.0,0.0,0.0,0.0,0.0,0.0,0.0,0.0,1.76428572E8,0.0,Yes
16,api/src/main/java/javax/faces/component/html/_HtmlCommandButton.java,7.1E7,0.0,0.0,0.0,0.0,0.0,0.0,0.0,0.0,0.0,0.0,0.0,0.0,0.0,5.1857143E7,0.0,Yes
16,api/src/main/java/javax/faces/component/html/_HtmlCommandLink.java,6.5E7,0.0,0.0,0.0,0.0,0.0,0.0,0.0,0.0,0.0,0.0,0.0,0.0,0.0,5.1857143E7,0.0,Yes
16,api/src/main/java/javax/faces/component/html/_HtmlInputSecret.java,9.2E7,0.0,0.0,0.0,0.0,0.0,0.0,0.0,0.0,0.0,0.0,0.0,0.0,0.0,5.1857143E7,0.0,Yes
16,api/src/main/java/javax/faces/component/html/_HtmlInputText.java,8.1E7,0.0,0.0,0.0,0.0,0.0,0.0,0.0,0.0,0.0,0.0,0.0,0.0,0.0,5.1857143E7,0.0,Yes
16,api/src/main/java/javax/faces/component/html/_HtmlInputTextarea.java,7.0E7,0.0,0.0,0.0,0.0,0.0,0.0,0.0,0.0,0.0,0.0,0.0,0.0,0.0,5.1857143E7,0.0,Yes
16,api/src/main/java/javax/faces/component/html/_HtmlSelectBooleanCheckbox.java,6.1E7,0.0,0.0,0.0,0.0,0.0,0.0,0.0,0.0,0.0,0.0,0.0,0.0,0.0,5.1857143E7,0.0,Yes
16,api/src/main/java/javax/faces/component/html/_HtmlSelectManyCheckbox.java,8.9E7,0.0,0.0,0.0,0.0,0.0,0.0,0.0,0.0,0.0,0.0,0.0,0.0,0.0,5.1857143E7,0.0,Yes
16,api/src/main/java/javax/faces/component/html/_HtmlSelectManyListbox.java,8.4E7,0.0,0.0,0.0,0.0,0.0,0.0,0.0,0.0,0.0,0.0,0.0,0.0,0.0,5.1857143E7,0.0,Yes
16,api/src/main/java/javax/faces/component/html/_HtmlSelectManyMenu.java,7.4E7,0.0,0.0,0.0,0.0,0.0,0.0,0.0,0.0,0.0,0.0,0.0,0.0,0.0,5.1857143E7,0.0,Yes
16,api/src/main/java/javax/faces/component/html/_HtmlSelectOneListbox.java,8.1E7,0.0,0.0,0.0,0.0,0.0,0.0,0.0,0.0,0.0,0.0,0.0,0.0,0.0,5.1857143E7,0.0,Yes
16,api/src/main/java/javax/faces/component/html/_HtmlSelectOneMenu.java,6.9E7,0.0,0.0,0.0,0.0,0.0,0.0,0.0,0.0,0.0,0.0,0.0,0.0,0.0,5.1857143E7,0.0,Yes
16,api/src/main/java/javax/faces/component/html/_HtmlSelectOneRadio.java,8.1E7,0.0,0.0,0.0,0.0,0.0,0.0,0.0,0.0,0.0,0.0,0.0,0.0,0.0,5.1857143E7,0.0,Yes
16,api/src/main/java/javax/faces/context/ExternalContext.java,3.74E8,3.63E8,8000000.0,0.0,2000000.0,2.58E8,1.8E8,3.225E7,1.53E8,1.35E8,1.9125E7,1.51E8,1.35E8,1.8875E7,1.76428572E8,1.68014955E8,Yes
16,api/src/main/java/javax/faces/convert/NumberConverter.java,5.05E8,0.0,0.0,0.0,0.0,0.0,0.0,0.0,0.0,0.0,0.0,0.0,0.0,0.0,1.76428572E8,0.0,Yes
16,api/src/main/java/javax/faces/event/MethodExpressionActionListener.java,7.3E7,0.0,0.0,0.0,0.0,0.0,0.0,0.0,0.0,0.0,0.0,0.0,0.0,0.0,1.57571429E8,0.0,Yes
16,api/src/main/java/javax/faces/event/MethodExpressionValueChangeListener.java,7.3E7,0.0,0.0,0.0,0.0,0.0,0.0,0.0,0.0,0.0,0.0,0.0,0.0,0.0,1.57571429E8,0.0,Yes
16,api/src/main/java/javax/faces/webapp/FacesServlet.java,4.35E8,2000000.0,1000000.0,7000000.0,1000000.0,1000000.0,1000000.0,1000000.0,0.0,0.0,0.0,1000000.0,1000000.0,1000000.0,1.76428572E8,1.70285715E8,Yes
16,api/src/main/java/javax/faces/webapp/UIComponentClassicTagBase.java,1.101E9,8000000.0,1000000.0,0.0,1000000.0,8000000.0,8000000.0,8000000.0,8000000.0,8000000.0,8000000.0,1.35E8,1.35E8,1.35E8,1.55428572E8,1.46571429E8,Yes
16,api/src/main/java/javax/faces/webapp/_ErrorPageWriter.java,6.13E8,0.0,0.0,0.0,0.0,0.0,0.0,0.0,0.0,0.0,0.0,0.0,0.0,0.0,9.7428572E7,0.0,Yes
16,impl/src/main/java/org/apache/myfaces/application/jsp/JspStateManagerImpl.java,9.39E8,4.2E7,1000000.0,7000000.0,1000000.0,3.9E7,3.9E7,3.9E7,3.6E7,3.6E7,3.6E7,4000000.0,4000000.0,4000000.0,1.76428572E8,1.74285715E8,Yes
16,impl/src/main/java/org/apache/myfaces/application/jsp/ViewResponseWrapper.java,2.07E8,0.0,0.0,0.0,0.0,0.0,0.0,0.0,0.0,0.0,0.0,0.0,0.0,0.0,1.25428572E8,0.0,Yes
16,impl/src/main/java/org/apache/myfaces/config/FacesConfigurator.java,1.943E9,3.115E9,1.3E7,9000000.0,3000000.0,2.007E9,9.7E8,1.54384616E8,8.99E8,9.46E8,6.9153847E7,5.8E7,1.6E7,4461539.0,1.76428572E8,1.66179638E8,Yes
16,impl/src/main/java/org/apache/myfaces/config/annotation/DefaultLifecycleProviderFactory.java,1.97E8,2000000.0,1000000.0,7000000.0,1000000.0,1000000.0,1000000.0,1000000.0,0.0,0.0,0.0,4000000.0,4000000.0,4000000.0,1.17857143E8,1.15714286E8,Yes
16,impl/src/main/java/org/apache/myfaces/config/impl/digester/DigesterFacesConfigUnmarshallerImpl.java,2.34E8,7.5E7,3000000.0,0.0,2000000.0,5.6E7,2.8E7,1.8666667E7,3.7E7,2.5E7,1.2333334E7,2.04E8,1.8E8,6.8E7,1.76428572E8,1.68569524E8,Yes
16,impl/src/main/java/org/apache/myfaces/lifecycle/DefaultRestoreViewSupport.java,1.13E8,0.0,0.0,0.0,0.0,0.0,0.0,0.0,0.0,0.0,0.0,0.0,0.0,0.0,1.16571429E8,0.0,Yes
16,impl/src/main/java/org/apache/myfaces/renderkit/html/HtmlRenderKitImpl.java,2.6E8,1.19E8,2000000.0,7000000.0,2000000.0,9.7E7,5.6E7,4.85E7,7.5E7,5.5E7,3.75E7,4000000.0,3000000.0,2000000.0,1.76428572E8,1.73295319E8,Yes
16,impl/src/main/java/org/apache/myfaces/taglib/core/ConverterImplTag.java,1.41E8,0.0,0.0,0.0,0.0,0.0,0.0,0.0,0.0,0.0,0.0,0.0,0.0,0.0,1.38428572E8,0.0,Yes
16,impl/src/main/java/org/apache/myfaces/webapp/AbstractFacesInitializer.java,2.02E8,5.5E7,1000000.0,7000000.0,1000000.0,5.5E7,5.5E7,5.5E7,5.5E7,5.5E7,5.5E7,3000000.0,3000000.0,3000000.0,8.0E7,7.6857143E7,Yes
17,api/src/main/java/javax/faces/convert/NumberConverter.java,5.37E8,1.33E8,3000000.0,0.0,1000000.0,8.4E7,7.7E7,2.8E7,3.5E7,3.8E7,1.1666667E7,1.04E8,8.1E7,3.4666667E7,2.00857143E8,1.83598282E8,Yes
17,api/src/main/java/javax/faces/webapp/UIComponentClassicTagBase.java,1.119E9,4.8E7,3000000.0,6000000.0,1000000.0,3.8E7,2.6E7,1.2666667E7,2.8E7,2.0E7,9333334.0,4.2E7,4.0E7,1.4E7,1.79857143E8,1.7552381E8,Yes
18,api/src/main/java/javax/faces/convert/NumberConverter.java,5.37E8,0.0,0.0,0.0,0.0,0.0,0.0,0.0,0.0,0.0,0.0,0.0,0.0,0.0,2.01428572E8,0.0,Yes
18,api/src/main/java/javax/faces/webapp/UIComponentClassicTagBase.java,1.119E9,0.0,0.0,0.0,0.0,0.0,0.0,0.0,0.0,0.0,0.0,0.0,0.0,0.0,1.80428572E8,0.0,Yes
19,api/src/main/java/javax/faces/convert/NumberConverter.java,5.37E8,0.0,0.0,0.0,0.0,0.0,0.0,0.0,0.0,0.0,0.0,0.0,0.0,0.0,2.10714286E8,0.0,Yes
19,impl/src/main/java/org/apache/myfaces/renderkit/html/HtmlScriptRenderer.java,2.66E8,1.42E8,5000000.0,0.0,1000000.0,1.03E8,3.7E7,2.06E7,6.4E7,3.6E7,1.28E7,1.9E7,6000000.0,3800000.0,3.8428572E7,3.2124749E7,Yes
19,impl/src/main/java/org/apache/myfaces/renderkit/html/HtmlStylesheetRenderer.java,2.62E8,1.43E8,6000000.0,0.0,2000000.0,1.03E8,3.7E7,1.7166667E7,6.3E7,3.6E7,1.05E7,2.1E7,6000000.0,3500000.0,3.8428572E7,3.2133867E7,Yes
19,impl/src/main/java/org/apache/myfaces/view/facelets/FaceletViewDeclarationLanguage.java,1.963E9,3.42E8,9000000.0,0.0,2000000.0,2.81E8,1.09E8,3.1222223E7,2.2E8,1.05E8,2.4444445E7,7.6E7,1.6E7,8444445.0,4.3142858E7,4.0814119E7,Yes
19,impl/src/main/java/org/apache/myfaces/view/facelets/FaceletViewHandler.java,9.25E8,5.1E7,1000000.0,0.0,1000000.0,1.6E7,1.6E7,1.6E7,-1.9E7,-1.9E7,-1.9E7,1.3E7,1.3E7,1.3E7,5.1571429E7,4.6571429E7,Yes
19,impl/src/main/java/org/apache/myfaces/view/facelets/tag/jsf/core/SelectItemHandler.java,4.4E7,7.8E7,1000000.0,0.0,1000000.0,4.4E7,4.4E7,4.4E7,1.0E7,1.0E7,1.0E7,2000000.0,2000000.0,2000000.0,1.66571429E8,1.59E8,Yes
20,api/src/main/java/javax/faces/convert/NumberConverter.java,5.37E8,0.0,0.0,0.0,0.0,0.0,0.0,0.0,0.0,0.0,0.0,0.0,0.0,0.0,2.13285715E8,0.0,Yes
20,api/src/main/java/javax/faces/validator/BeanValidator.java,5.45E8,0.0,0.0,0.0,0.0,0.0,0.0,0.0,0.0,0.0,0.0,0.0,0.0,0.0,2.9428572E7,0.0,Yes
20,impl/src/main/java/org/apache/myfaces/application/ViewHandlerImpl.java,3.54E8,0.0,0.0,0.0,0.0,0.0,0.0,0.0,0.0,0.0,0.0,0.0,0.0,0.0,4.0142858E7,0.0,Yes
20,impl/src/main/java/org/apache/myfaces/config/impl/digester/DigesterFacesConfigUnmarshallerImpl.java,2.87E8,9000000.0,3000000.0,1000000.0,3000000.0,5000000.0,2000000.0,1666667.0,1000000.0,1000000.0,333334.0,8000000.0,5000000.0,2666667.0,2.13285715E8,2.11380953E8,Yes
20,impl/src/main/java/org/apache/myfaces/taglib/core/ConverterTag.java,1.17E8,0.0,0.0,0.0,0.0,0.0,0.0,0.0,0.0,0.0,0.0,0.0,0.0,0.0,1.75285715E8,0.0,Yes
20,impl/src/main/java/org/apache/myfaces/taglib/core/DelegateConverter.java,1.46E8,0.0,0.0,0.0,0.0,0.0,0.0,0.0,0.0,0.0,0.0,0.0,0.0,0.0,1.15714286E8,0.0,Yes
20,impl/src/main/java/org/apache/myfaces/view/ViewDeclarationLanguageFactoryImpl.java,1.27E8,1.2E7,2000000.0,0.0,1000000.0,6000000.0,3000000.0,3000000.0,0.0,0.0,0.0,2000000.0,1000000.0,1000000.0,4.5714286E7,4.5571429E7,Yes
20,impl/src/main/java/org/apache/myfaces/view/facelets/compiler/TagLibraryConfig.java,8.31E8,0.0,0.0,0.0,0.0,0.0,0.0,0.0,0.0,0.0,0.0,0.0,0.0,0.0,5.4142858E7,0.0,Yes
20,impl/src/main/java/org/apache/myfaces/view/facelets/tag/jsf/core/ConvertDelegateHandler.java,8.0E7,0.0,0.0,0.0,0.0,0.0,0.0,0.0,0.0,0.0,0.0,0.0,0.0,0.0,5.4142858E7,0.0,Yes
20,impl/src/main/java/org/apache/myfaces/view/facelets/tag/jsf/core/SelectItemHandler.java,4.4E7,0.0,0.0,0.0,0.0,0.0,0.0,0.0,0.0,0.0,0.0,0.0,0.0,0.0,1.69142858E8,0.0,Yes
20,impl/src/main/java/org/apache/myfaces/view/facelets/tag/jsf/core/ValidateDelegateHandler.java,7.6E7,0.0,0.0,0.0,0.0,0.0,0.0,0.0,0.0,0.0,0.0,0.0,0.0,0.0,5.4142858E7,0.0,Yes
20,impl/src/main/java/org/apache/myfaces/webapp/Jsp20FacesInitializer.java,1.49E8,0.0,0.0,0.0,0.0,0.0,0.0,0.0,0.0,0.0,0.0,0.0,0.0,0.0,1.16857143E8,0.0,Yes
21,api/src/main/java/javax/faces/component/_ExternalSpecifications.java,1.32E8,1.17E8,3000000.0,0.0,2000000.0,7.5E7,6.4E7,2.5E7,3.3E7,2.8E7,1.1E7,1.2E7,7000000.0,4000000.0,2.1571429E7,1.8186814E7,Yes
21,api/src/main/java/javax/faces/convert/NumberConverter.java,5.37E8,0.0,0.0,0.0,0.0,0.0,0.0,0.0,0.0,0.0,0.0,0.0,0.0,0.0,2.18285715E8,0.0,Yes
21,api/src/main/java/javax/faces/validator/BeanValidator.java,5.26E8,1.434E9,3000000.0,1000000.0,3000000.0,7.37E8,5.85E8,2.45666667E8,4.0E7,6.0E7,1.3333334E7,1.2E7,7000000.0,4000000.0,3.4428572E7,3.3720264E7,Yes
21,api/src/main/java/javax/faces/validator/_ExternalSpecifications.java,1.35E8,3.7E7,4000000.0,0.0,2000000.0,2.9E7,1.9E7,7250000.0,2.1E7,1.5E7,5250000.0,1.6E7,7000000.0,4000000.0,2.1571429E7,1.869112E7,Yes
21,impl/src/main/java/org/apache/myfaces/application/ApplicationImpl.java,1.832E9,4.3E7,2000000.0,0.0,2000000.0,4.3E7,3.4E7,2.15E7,4.3E7,3.4E7,2.15E7,9000000.0,7000000.0,4500000.0,2.18285715E8,2.14126246E8,Yes
21,impl/src/main/java/org/apache/myfaces/lifecycle/LifecycleImpl.java,3.1E8,2.4E7,1000000.0,0.0,1000000.0,2.2E7,2.2E7,2.2E7,2.0E7,2.0E7,2.0E7,2000000.0,2000000.0,2000000.0,2.18285715E8,2.13857143E8,Yes
21,impl/src/main/java/org/apache/myfaces/lifecycle/RenderResponseExecutor.java,1.15E8,0.0,0.0,0.0,0.0,0.0,0.0,0.0,0.0,0.0,0.0,0.0,0.0,0.0,1.74142858E8,0.0,Yes
21,impl/src/main/java/org/apache/myfaces/util/ExternalSpecifications.java,1.35E8,6.2E7,5000000.0,0.0,3000000.0,4.1E7,2.8E7,8200000.0,2.0E7,1.5E7,4000000.0,1.1E7,4000000.0,2200000.0,2.1571429E7,1.8414747E7,Yes
21,impl/src/main/java/org/apache/myfaces/view/facelets/tag/jsf/core/SelectItemHandler.java,4.4E7,0.0,0.0,0.0,0.0,0.0,0.0,0.0,0.0,0.0,0.0,0.0,0.0,0.0,1.74142858E8,0.0,Yes
22,api/src/main/java/javax/faces/application/ViewHandler.java,2.7E8,0.0,0.0,0.0,0.0,0.0,0.0,0.0,0.0,0.0,0.0,0.0,0.0,0.0,2.22E8,0.0,Yes
22,api/src/main/java/javax/faces/application/ViewHandlerWrapper.java,1.12E8,0.0,0.0,0.0,0.0,0.0,0.0,0.0,0.0,0.0,0.0,0.0,0.0,0.0,2.03142858E8,0.0,Yes
22,api/src/main/java/javax/faces/component/UIData.java,1.179E9,2.6E7,2000000.0,0.0,2000000.0,1.2E7,1.1E7,6000000.0,-2000000.0,0.0,-1000000.0,7000000.0,5000000.0,3500000.0,2.22E8,2.21E8,Yes
22,api/src/main/java/javax/faces/component/_ComponentAttributesMap.java,4.68E8,0.0,0.0,0.0,0.0,0.0,0.0,0.0,0.0,0.0,0.0,0.0,0.0,0.0,2.22E8,0.0,Yes
22,api/src/main/java/javax/faces/convert/NumberConverter.java,5.37E8,0.0,0.0,0.0,0.0,0.0,0.0,0.0,0.0,0.0,0.0,0.0,0.0,0.0,2.22E8,0.0,Yes
22,api/src/main/java/javax/faces/view/ViewDeclarationLanguage.java,6.4E7,0.0,0.0,0.0,0.0,0.0,0.0,0.0,0.0,0.0,0.0,0.0,0.0,0.0,2.22E8,0.0,Yes
22,impl/src/main/java/org/apache/myfaces/application/ViewHandlerImpl.java,3.58E8,0.0,0.0,0.0,0.0,0.0,0.0,0.0,0.0,0.0,0.0,0.0,0.0,0.0,4.8857143E7,0.0,Yes
22,impl/src/main/java/org/apache/myfaces/el/unified/resolver/CompositeComponentELResolver.java,3.48E8,0.0,0.0,0.0,0.0,0.0,0.0,0.0,0.0,0.0,0.0,0.0,0.0,0.0,4.1E7,0.0,Yes
22,impl/src/main/java/org/apache/myfaces/lifecycle/DefaultRestoreViewSupport.java,5.47E8,0.0,0.0,0.0,0.0,0.0,0.0,0.0,0.0,0.0,0.0,0.0,0.0,0.0,1.62142858E8,0.0,Yes
22,impl/src/main/java/org/apache/myfaces/lifecycle/RestoreViewExecutor.java,2.11E8,0.0,0.0,0.0,0.0,0.0,0.0,0.0,0.0,0.0,0.0,0.0,0.0,0.0,1.77857143E8,0.0,Yes
22,impl/src/main/java/org/apache/myfaces/lifecycle/RestoreViewSupport.java,8.1E7,0.0,0.0,0.0,0.0,0.0,0.0,0.0,0.0,0.0,0.0,0.0,0.0,0.0,1.62142858E8,0.0,Yes
22,impl/src/main/java/org/apache/myfaces/view/facelets/FaceletViewDeclarationLanguage.java,2.091E9,1.1E7,2000000.0,1000000.0,2000000.0,7000000.0,5000000.0,3500000.0,3000000.0,3000000.0,1500000.0,7000000.0,6000000.0,3500000.0,5.4428572E7,5.2337663E7,Yes
22,impl/src/main/java/org/apache/myfaces/view/facelets/FaceletViewDeclarationLanguageStrategy.java,1.58E8,0.0,0.0,0.0,0.0,0.0,0.0,0.0,0.0,0.0,0.0,0.0,0.0,0.0,5.4428572E7,0.0,Yes
22,impl/src/main/java/org/apache/myfaces/view/facelets/tag/composite/InsertChildrenHandler.java,2.49E8,0.0,0.0,0.0,0.0,0.0,0.0,0.0,0.0,0.0,0.0,0.0,0.0,0.0,2.22E8,0.0,Yes
22,impl/src/main/java/org/apache/myfaces/view/facelets/tag/composite/InsertFacetHandler.java,2.29E8,0.0,0.0,0.0,0.0,0.0,0.0,0.0,0.0,0.0,0.0,0.0,0.0,0.0,2.22E8,0.0,Yes
22,impl/src/main/java/org/apache/myfaces/view/facelets/tag/jsf/core/SelectItemHandler.java,4.3E7,7000000.0,1000000.0,0.0,1000000.0,3000000.0,3000000.0,3000000.0,-1000000.0,-1000000.0,-1000000.0,1000000.0,1000000.0,1000000.0,1.77857143E8,1.75428572E8,Yes
23,api/src/main/java/javax/faces/application/ViewHandler.java,2.7E8,0.0,0.0,0.0,0.0,0.0,0.0,0.0,0.0,0.0,0.0,0.0,0.0,0.0,2.29285715E8,0.0,Yes
23,api/src/main/java/javax/faces/application/ViewHandlerWrapper.java,1.12E8,0.0,0.0,0.0,0.0,0.0,0.0,0.0,0.0,0.0,0.0,0.0,0.0,0.0,2.10428572E8,0.0,Yes
23,api/src/main/java/javax/faces/component/UIViewRoot.java,1.262E9,1.2E7,3000000.0,0.0,1000000.0,7000000.0,3000000.0,2333334.0,2000000.0,2000000.0,666667.0,1.3E7,5000000.0,4333334.0,1.84428572E8,1.81761905E8,Yes
23,api/src/main/java/javax/faces/convert/NumberConverter.java,5.37E8,0.0,0.0,0.0,0.0,0.0,0.0,0.0,0.0,0.0,0.0,0.0,0.0,0.0,2.29285715E8,0.0,Yes
23,api/src/main/java/javax/faces/view/ViewDeclarationLanguage.java,6.4E7,0.0,0.0,0.0,0.0,0.0,0.0,0.0,0.0,0.0,0.0,0.0,0.0,0.0,2.29285715E8,0.0,Yes
23,impl/src/main/java/org/apache/myfaces/application/ViewHandlerImpl.java,3.58E8,0.0,0.0,0.0,0.0,0.0,0.0,0.0,0.0,0.0,0.0,0.0,0.0,0.0,5.6142858E7,0.0,Yes
23,impl/src/main/java/org/apache/myfaces/context/servlet/ServletExternalContextImpl.java,8.25E8,0.0,0.0,0.0,0.0,0.0,0.0,0.0,0.0,0.0,0.0,0.0,0.0,0.0,2.29285715E8,0.0,Yes
23,impl/src/main/java/org/apache/myfaces/lifecycle/DefaultRestoreViewSupport.java,5.47E8,0.0,0.0,0.0,0.0,0.0,0.0,0.0,0.0,0.0,0.0,0.0,0.0,0.0,1.69428572E8,0.0,Yes
23,impl/src/main/java/org/apache/myfaces/lifecycle/RestoreViewExecutor.java,2.22E8,3.7E7,3000000.0,0.0,2000000.0,2.3E7,1.3E7,7666667.0,9000000.0,6000000.0,3000000.0,1.5E7,9000000.0,5000000.0,1.85142858E8,1.8334363E8,Yes
23,impl/src/main/java/org/apache/myfaces/lifecycle/RestoreViewSupport.java,8.1E7,0.0,0.0,0.0,0.0,0.0,0.0,0.0,0.0,0.0,0.0,0.0,0.0,0.0,1.69428572E8,0.0,Yes
23,impl/src/main/java/org/apache/myfaces/view/facelets/DefaultFaceletsStateManagementStrategy.java,1.009E9,9.2E7,7000000.0,3000000.0,1000000.0,6.3E7,2.0E7,9000000.0,3.4E7,1.6E7,4857143.0,1.3E7,4000000.0,1857143.0,5.1428572E7,4.7332299E7,Yes
23,impl/src/main/java/org/apache/myfaces/view/facelets/FaceletViewDeclarationLanguage.java,2.143E9,2.82E8,9000000.0,2000000.0,2000000.0,1.67E8,8.3E7,1.8555556E7,5.2E7,2.1E7,5777778.0,7.9E7,2.4E7,8777778.0,6.1714286E7,5.9113476E7,Yes
23,impl/src/main/java/org/apache/myfaces/view/facelets/FaceletViewDeclarationLanguageStrategy.java,1.58E8,0.0,0.0,0.0,0.0,0.0,0.0,0.0,0.0,0.0,0.0,0.0,0.0,0.0,6.1714286E7,0.0,Yes
23,impl/src/main/java/org/apache/myfaces/view/facelets/tag/composite/InsertChildrenHandler.java,3.03E8,1.21E8,7000000.0,0.0,1000000.0,8.8E7,3.1E7,1.2571429E7,5.5E7,1.9E7,7857143.0,9.6E7,3.4E7,1.3714286E7,2.29285715E8,2.27423849E8,Yes
23,impl/src/main/java/org/apache/myfaces/view/facelets/tag/composite/InsertFacetHandler.java,3.0E8,1.23E8,6000000.0,0.0,1000000.0,9.7E7,5.0E7,1.6166667E7,7.1E7,3.0E7,1.1833334E7,9.2E7,3.4E7,1.5333334E7,2.29285715E8,2.27588851E8,Yes
23,impl/src/main/java/org/apache/myfaces/view/facelets/tag/jsf/core/SelectItemHandler.java,4.3E7,0.0,0.0,0.0,0.0,0.0,0.0,0.0,0.0,0.0,0.0,0.0,0.0,0.0,1.85142858E8,0.0,Yes
23,impl/src/main/java/org/apache/myfaces/webapp/AbstractFacesInitializer.java,3.22E8,3.6E7,1000000.0,0.0,1000000.0,3.4E7,3.4E7,3.4E7,3.2E7,3.2E7,3.2E7,7000000.0,7000000.0,7000000.0,1.32857143E8,1.27571429E8,Yes
23,impl/src/main/java/org/apache/myfaces/webapp/FacesInitializer.java,3.0E7,0.0,0.0,0.0,0.0,0.0,0.0,0.0,0.0,0.0,0.0,0.0,0.0,0.0,1.85142858E8,0.0,Yes
23,impl/src/main/java/org/apache/myfaces/webapp/MyFacesServlet.java,1.03E8,0.0,0.0,0.0,0.0,0.0,0.0,0.0,0.0,0.0,0.0,0.0,0.0,0.0,2.29285715E8,0.0,Yes
23,impl/src/main/java/org/apache/myfaces/webapp/StartupServletContextListener.java,2.62E8,0.0,0.0,0.0,0.0,0.0,0.0,0.0,0.0,0.0,0.0,0.0,0.0,0.0,2.29285715E8,0.0,Yes
24,api/src/main/java/javax/faces/application/ViewHandler.java,2.7E8,0.0,0.0,0.0,0.0,0.0,0.0,0.0,0.0,0.0,0.0,0.0,0.0,0.0,2.34714286E8,0.0,Yes
24,api/src/main/java/javax/faces/application/ViewHandlerWrapper.java,1.12E8,0.0,0.0,0.0,0.0,0.0,0.0,0.0,0.0,0.0,0.0,0.0,0.0,0.0,2.15857143E8,0.0,Yes
24,api/src/main/java/javax/faces/convert/NumberConverter.java,5.37E8,0.0,0.0,0.0,0.0,0.0,0.0,0.0,0.0,0.0,0.0,0.0,0.0,0.0,2.34714286E8,0.0,Yes
24,api/src/main/java/javax/faces/view/ViewDeclarationLanguage.java,6.4E7,0.0,0.0,0.0,0.0,0.0,0.0,0.0,0.0,0.0,0.0,0.0,0.0,0.0,2.34714286E8,0.0,Yes
24,impl/src/main/java/org/apache/myfaces/application/ViewHandlerImpl.java,4.16E8,1.57E8,5000000.0,0.0,3000000.0,1.07E8,4.1E7,2.14E7,5.7E7,3.0E7,1.14E7,1.3E7,4000000.0,2600000.0,6.1571429E7,5.956051E7,Yes
24,impl/src/main/java/org/apache/myfaces/lifecycle/DefaultRestoreViewSupport.java,5.47E8,0.0,0.0,0.0,0.0,0.0,0.0,0.0,0.0,0.0,0.0,0.0,0.0,0.0,1.74857143E8,0.0,Yes
24,impl/src/main/java/org/apache/myfaces/lifecycle/RestoreViewExecutor.java,2.8E8,6.0E7,1000000.0,1000000.0,1000000.0,5.9E7,5.9E7,5.9E7,5.8E7,5.8E7,5.8E7,3000000.0,3000000.0,3000000.0,1.90571429E8,1.89857143E8,Yes
24,impl/src/main/java/org/apache/myfaces/lifecycle/RestoreViewSupport.java,8.1E7,0.0,0.0,0.0,0.0,0.0,0.0,0.0,0.0,0.0,0.0,0.0,0.0,0.0,1.74857143E8,0.0,Yes
24,impl/src/main/java/org/apache/myfaces/view/facelets/FaceletViewDeclarationLanguage.java,2.151E9,6.0E7,5000000.0,0.0,3000000.0,3.4E7,1.8E7,6800000.0,8000000.0,5000000.0,1600000.0,2.3E7,1.1E7,4600000.0,6.7142858E7,6.5285715E7,Yes
24,impl/src/main/java/org/apache/myfaces/view/facelets/FaceletViewDeclarationLanguageStrategy.java,1.58E8,0.0,0.0,0.0,0.0,0.0,0.0,0.0,0.0,0.0,0.0,0.0,0.0,0.0,6.7142858E7,0.0,Yes
24,impl/src/main/java/org/apache/myfaces/view/facelets/el/CompositeComponentELUtils.java,1.54E8,0.0,0.0,0.0,0.0,0.0,0.0,0.0,0.0,0.0,0.0,0.0,0.0,0.0,2.1285715E7,0.0,Yes
24,impl/src/main/java/org/apache/myfaces/view/facelets/tag/jsf/core/SelectItemHandler.java,4.3E7,0.0,0.0,0.0,0.0,0.0,0.0,0.0,0.0,0.0,0.0,0.0,0.0,0.0,1.90571429E8,0.0,Yes
25,api/src/main/java/javax/faces/application/ViewHandler.java,2.7E8,0.0,0.0,0.0,0.0,0.0,0.0,0.0,0.0,0.0,0.0,0.0,0.0,0.0,2.44428572E8,0.0,Yes
25,api/src/main/java/javax/faces/application/ViewHandlerWrapper.java,1.12E8,0.0,0.0,0.0,0.0,0.0,0.0,0.0,0.0,0.0,0.0,0.0,0.0,0.0,2.25571429E8,0.0,Yes
25,api/src/main/java/javax/faces/component/_ParametrizableFacesMessage.java,1.29E8,0.0,0.0,0.0,0.0,0.0,0.0,0.0,0.0,0.0,0.0,0.0,0.0,0.0,2.0714286E7,0.0,Yes
25,api/src/main/java/javax/faces/convert/NumberConverter.java,5.37E8,0.0,0.0,0.0,0.0,0.0,0.0,0.0,0.0,0.0,0.0,0.0,0.0,0.0,2.44428572E8,0.0,Yes
25,api/src/main/java/javax/faces/convert/_ParametrizableFacesMessage.java,1.29E8,0.0,0.0,0.0,0.0,0.0,0.0,0.0,0.0,0.0,0.0,0.0,0.0,0.0,2.0714286E7,0.0,Yes
25,api/src/main/java/javax/faces/validator/_ParametrizableFacesMessage.java,1.29E8,0.0,0.0,0.0,0.0,0.0,0.0,0.0,0.0,0.0,0.0,0.0,0.0,0.0,2.0714286E7,0.0,Yes
25,api/src/main/java/javax/faces/view/ViewDeclarationLanguage.java,6.4E7,0.0,0.0,0.0,0.0,0.0,0.0,0.0,0.0,0.0,0.0,0.0,0.0,0.0,2.44428572E8,0.0,Yes
25,impl/src/main/java/org/apache/myfaces/application/NavigationHandlerImpl.java,6.0E8,9000000.0,1000000.0,0.0,1000000.0,9000000.0,9000000.0,9000000.0,9000000.0,9000000.0,9000000.0,1000000.0,1000000.0,1000000.0,2.44428572E8,2.42857143E8,Yes
25,impl/src/main/java/org/apache/myfaces/application/ViewHandlerImpl.java,4.14E8,2000000.0,1000000.0,0.0,1000000.0,0.0,0.0,0.0,-2000000.0,-2000000.0,-2000000.0,3000000.0,3000000.0,3000000.0,7.1285715E7,6.2E7,Yes
25,impl/src/main/java/org/apache/myfaces/lifecycle/DefaultRestoreViewSupport.java,5.15E8,2.73E8,3000000.0,0.0,2000000.0,1.21E8,9.2E7,4.0333334E7,-3.1E7,9.1E7,-1.0333333E7,8000000.0,4000000.0,2666667.0,1.84571429E8,1.79318159E8,Yes
25,impl/src/main/java/org/apache/myfaces/lifecycle/RestoreViewExecutor.java,2.8E8,0.0,0.0,0.0,0.0,0.0,0.0,0.0,0.0,0.0,0.0,0.0,0.0,0.0,2.00285715E8,0.0,Yes
25,impl/src/main/java/org/apache/myfaces/lifecycle/RestoreViewSupport.java,8.1E7,0.0,0.0,0.0,0.0,0.0,0.0,0.0,0.0,0.0,0.0,0.0,0.0,0.0,1.84571429E8,0.0,Yes
25,impl/src/main/java/org/apache/myfaces/view/facelets/FaceletViewDeclarationLanguage.java,2.019E9,4.31E9,3000000.0,0.0,2000000.0,2.157E9,2.155E9,7.19E8,4000000.0,4000000.0,1333334.0,3000000.0,1000000.0,1000000.0,7.6857143E7,7.1146636E7,Yes
25,impl/src/main/java/org/apache/myfaces/view/facelets/FaceletViewDeclarationLanguageStrategy.java,1.58E8,0.0,0.0,0.0,0.0,0.0,0.0,0.0,0.0,0.0,0.0,0.0,0.0,0.0,7.6857143E7,0.0,Yes
25,impl/src/main/java/org/apache/myfaces/view/facelets/compiler/UIInstructionHandler.java,2.86E8,1.1E7,2000000.0,0.0,1000000.0,6000000.0,4000000.0,3000000.0,1000000.0,1000000.0,500000.0,1.1E7,9000000.0,5500000.0,8.5285715E7,8.3311689E7,Yes
25,impl/src/main/java/org/apache/myfaces/view/facelets/tag/jsf/ComponentTagHandlerDelegate.java,7.23E8,8.7E7,3000000.0,0.0,1000000.0,7.4E7,3.5E7,2.4666667E7,6.1E7,3.1E7,2.0333334E7,1.2E7,9000000.0,4000000.0,8.5285715E7,8.2735633E7,Yes
25,impl/src/main/java/org/apache/myfaces/view/facelets/tag/jsf/core/SelectItemHandler.java,4.3E7,0.0,0.0,0.0,0.0,0.0,0.0,0.0,0.0,0.0,0.0,0.0,0.0,0.0,2.00285715E8,0.0,Yes
26,api/src/main/java/javax/faces/application/ViewHandler.java,2.7E8,0.0,0.0,0.0,0.0,0.0,0.0,0.0,0.0,0.0,0.0,0.0,0.0,0.0,2.56142858E8,0.0,Yes
26,api/src/main/java/javax/faces/application/ViewHandlerWrapper.java,1.12E8,0.0,0.0,0.0,0.0,0.0,0.0,0.0,0.0,0.0,0.0,0.0,0.0,0.0,2.37285715E8,0.0,Yes
26,api/src/main/java/javax/faces/component/_ParametrizableFacesMessage.java,1.29E8,0.0,0.0,0.0,0.0,0.0,0.0,0.0,0.0,0.0,0.0,0.0,0.0,0.0,3.2428572E7,0.0,Yes
26,api/src/main/java/javax/faces/convert/_ParametrizableFacesMessage.java,1.29E8,0.0,0.0,0.0,0.0,0.0,0.0,0.0,0.0,0.0,0.0,0.0,0.0,0.0,3.2428572E7,0.0,Yes
26,api/src/main/java/javax/faces/validator/_ParametrizableFacesMessage.java,1.29E8,0.0,0.0,0.0,0.0,0.0,0.0,0.0,0.0,0.0,0.0,0.0,0.0,0.0,3.2428572E7,0.0,Yes
26,api/src/main/java/javax/faces/view/ViewDeclarationLanguage.java,6.4E7,0.0,0.0,0.0,0.0,0.0,0.0,0.0,0.0,0.0,0.0,0.0,0.0,0.0,2.56142858E8,0.0,Yes
26,impl/src/main/java/org/apache/myfaces/application/NavigationHandlerImpl.java,6.41E8,8.9E7,4000000.0,2000000.0,2000000.0,6.6E7,3.6E7,1.65E7,4.3E7,3.5E7,1.075E7,4000000.0,1000000.0,1000000.0,2.56142858E8,2.54304976E8,Yes
26,impl/src/main/java/org/apache/myfaces/application/ViewHandlerImpl.java,4.14E8,0.0,0.0,0.0,0.0,0.0,0.0,0.0,0.0,0.0,0.0,0.0,0.0,0.0,8.3E7,0.0,Yes
26,impl/src/main/java/org/apache/myfaces/lifecycle/DefaultRestoreViewSupport.java,5.15E8,0.0,0.0,0.0,0.0,0.0,0.0,0.0,0.0,0.0,0.0,0.0,0.0,0.0,1.96285715E8,0.0,Yes
26,impl/src/main/java/org/apache/myfaces/lifecycle/RestoreViewExecutor.java,2.8E8,0.0,0.0,0.0,0.0,0.0,0.0,0.0,0.0,0.0,0.0,0.0,0.0,0.0,2.12E8,0.0,Yes
26,impl/src/main/java/org/apache/myfaces/lifecycle/RestoreViewSupport.java,8.1E7,0.0,0.0,0.0,0.0,0.0,0.0,0.0,0.0,0.0,0.0,0.0,0.0,0.0,1.96285715E8,0.0,Yes
26,impl/src/main/java/org/apache/myfaces/view/facelets/FaceletViewDeclarationLanguage.java,1.94E9,8.23E8,7000000.0,2000000.0,1000000.0,3.68E8,1.87E8,5.2571429E7,-8.7E7,1.48E8,-1.2428571E7,3.6E7,1.7E7,5142858.0,8.8571429E7,7.9992016E7,Yes
26,impl/src/main/java/org/apache/myfaces/view/facelets/FaceletViewDeclarationLanguageStrategy.java,1.58E8,0.0,0.0,0.0,0.0,0.0,0.0,0.0,0.0,0.0,0.0,0.0,0.0,0.0,8.8571429E7,0.0,Yes
26,impl/src/main/java/org/apache/myfaces/view/facelets/compiler/UIInstructionHandler.java,2.86E8,0.0,0.0,0.0,0.0,0.0,0.0,0.0,0.0,0.0,0.0,0.0,0.0,0.0,9.7E7,0.0,Yes
26,impl/src/main/java/org/apache/myfaces/view/facelets/tag/jsf/ComponentTagHandlerDelegate.java,7.26E8,4.1E7,1000000.0,0.0,1000000.0,2.2E7,2.2E7,2.2E7,3000000.0,3000000.0,3000000.0,2000000.0,2000000.0,2000000.0,9.7E7,9.3714286E7,Yes
26,impl/src/main/java/org/apache/myfaces/view/facelets/tag/jsf/core/SelectItemHandler.java,4.3E7,0.0,0.0,0.0,0.0,0.0,0.0,0.0,0.0,0.0,0.0,0.0,0.0,0.0,2.12E8,0.0,Yes
27,api/src/main/java/javax/faces/application/ViewHandler.java,2.7E8,0.0,0.0,0.0,0.0,0.0,0.0,0.0,0.0,0.0,0.0,0.0,0.0,0.0,2.64428572E8,0.0,Yes
27,api/src/main/java/javax/faces/application/ViewHandlerWrapper.java,1.12E8,0.0,0.0,0.0,0.0,0.0,0.0,0.0,0.0,0.0,0.0,0.0,0.0,0.0,2.45571429E8,0.0,Yes
27,api/src/main/java/javax/faces/view/ViewDeclarationLanguage.java,6.4E7,0.0,0.0,0.0,0.0,0.0,0.0,0.0,0.0,0.0,0.0,0.0,0.0,0.0,2.64428572E8,0.0,Yes
27,impl/src/main/java/org/apache/myfaces/application/NavigationHandlerImpl.java,6.41E8,0.0,0.0,0.0,0.0,0.0,0.0,0.0,0.0,0.0,0.0,0.0,0.0,0.0,2.64428572E8,0.0,Yes
27,impl/src/main/java/org/apache/myfaces/application/ViewHandlerImpl.java,4.14E8,0.0,0.0,0.0,0.0,0.0,0.0,0.0,0.0,0.0,0.0,0.0,0.0,0.0,9.1285715E7,0.0,Yes
27,impl/src/main/java/org/apache/myfaces/lifecycle/DefaultRestoreViewSupport.java,5.23E8,8000000.0,1000000.0,1000000.0,1000000.0,8000000.0,8000000.0,8000000.0,8000000.0,8000000.0,8000000.0,1000000.0,1000000.0,1000000.0,2.04571429E8,2.04142858E8,Yes
27,impl/src/main/java/org/apache/myfaces/lifecycle/RestoreViewExecutor.java,2.8E8,0.0,0.0,0.0,0.0,0.0,0.0,0.0,0.0,0.0,0.0,0.0,0.0,0.0,2.20285715E8,0.0,Yes
27,impl/src/main/java/org/apache/myfaces/lifecycle/RestoreViewSupport.java,8.1E7,0.0,0.0,0.0,0.0,0.0,0.0,0.0,0.0,0.0,0.0,0.0,0.0,0.0,2.04571429E8,0.0,Yes
27,impl/src/main/java/org/apache/myfaces/view/facelets/FaceletViewDeclarationLanguage.java,1.94E9,0.0,0.0,0.0,0.0,0.0,0.0,0.0,0.0,0.0,0.0,0.0,0.0,0.0,9.6857143E7,0.0,Yes
27,impl/src/main/java/org/apache/myfaces/view/facelets/FaceletViewDeclarationLanguageStrategy.java,1.58E8,0.0,0.0,0.0,0.0,0.0,0.0,0.0,0.0,0.0,0.0,0.0,0.0,0.0,9.6857143E7,0.0,Yes
27,impl/src/main/java/org/apache/myfaces/view/facelets/compiler/UIInstructionHandler.java,2.86E8,0.0,0.0,0.0,0.0,0.0,0.0,0.0,0.0,0.0,0.0,0.0,0.0,0.0,1.05285715E8,0.0,Yes
27,impl/src/main/java/org/apache/myfaces/view/facelets/component/UIRepeat.java,1.172E9,8000000.0,1000000.0,0.0,1000000.0,8000000.0,8000000.0,8000000.0,8000000.0,8000000.0,8000000.0,2000000.0,2000000.0,2000000.0,1.05285715E8,1.04714286E8,Yes
27,impl/src/main/java/org/apache/myfaces/view/facelets/tag/jsf/ComponentTagHandlerDelegate.java,7.26E8,0.0,0.0,0.0,0.0,0.0,0.0,0.0,0.0,0.0,0.0,0.0,0.0,0.0,1.05285715E8,0.0,Yes
27,impl/src/main/java/org/apache/myfaces/view/facelets/tag/jsf/core/SelectItemHandler.java,4.3E7,0.0,0.0,0.0,0.0,0.0,0.0,0.0,0.0,0.0,0.0,0.0,0.0,0.0,2.20285715E8,0.0,Yes
27,impl/src/main/java/org/apache/myfaces/webapp/ManagedBeanDestroyerListener.java,2.34E8,0.0,0.0,0.0,0.0,0.0,0.0,0.0,0.0,0.0,0.0,0.0,0.0,0.0,6.3428572E7,0.0,Yes
28,api/src/main/java/javax/faces/application/ViewHandler.java,2.7E8,0.0,0.0,0.0,0.0,0.0,0.0,0.0,0.0,0.0,0.0,0.0,0.0,0.0,2.66857143E8,0.0,Yes
28,api/src/main/java/javax/faces/application/ViewHandlerWrapper.java,1.12E8,0.0,0.0,0.0,0.0,0.0,0.0,0.0,0.0,0.0,0.0,0.0,0.0,0.0,2.48E8,0.0,Yes
28,api/src/main/java/javax/faces/view/ViewDeclarationLanguage.java,6.4E7,0.0,0.0,0.0,0.0,0.0,0.0,0.0,0.0,0.0,0.0,0.0,0.0,0.0,2.66857143E8,0.0,Yes
28,impl/src/main/java/org/apache/myfaces/application/NavigationHandlerImpl.java,6.41E8,0.0,0.0,0.0,0.0,0.0,0.0,0.0,0.0,0.0,0.0,0.0,0.0,0.0,2.66857143E8,0.0,Yes
28,impl/src/main/java/org/apache/myfaces/application/ViewHandlerImpl.java,4.14E8,0.0,0.0,0.0,0.0,0.0,0.0,0.0,0.0,0.0,0.0,0.0,0.0,0.0,9.3714286E7,0.0,Yes
28,impl/src/main/java/org/apache/myfaces/config/impl/digester/DigesterFacesConfigDispenserImpl.java,5.75E8,0.0,0.0,0.0,0.0,0.0,0.0,0.0,0.0,0.0,0.0,0.0,0.0,0.0,2.66857143E8,0.0,Yes
28,impl/src/main/java/org/apache/myfaces/lifecycle/DefaultRestoreViewSupport.java,5.23E8,0.0,0.0,0.0,0.0,0.0,0.0,0.0,0.0,0.0,0.0,0.0,0.0,0.0,2.07E8,0.0,Yes
28,impl/src/main/java/org/apache/myfaces/lifecycle/RestoreViewExecutor.java,2.8E8,0.0,0.0,0.0,0.0,0.0,0.0,0.0,0.0,0.0,0.0,0.0,0.0,0.0,2.22714286E8,0.0,Yes
28,impl/src/main/java/org/apache/myfaces/lifecycle/RestoreViewSupport.java,8.1E7,0.0,0.0,0.0,0.0,0.0,0.0,0.0,0.0,0.0,0.0,0.0,0.0,0.0,2.07E8,0.0,Yes
28,impl/src/main/java/org/apache/myfaces/view/facelets/FaceletViewDeclarationLanguage.java,1.94E9,0.0,0.0,0.0,0.0,0.0,0.0,0.0,0.0,0.0,0.0,0.0,0.0,0.0,9.9285715E7,0.0,Yes
28,impl/src/main/java/org/apache/myfaces/view/facelets/FaceletViewDeclarationLanguageStrategy.java,1.58E8,0.0,0.0,0.0,0.0,0.0,0.0,0.0,0.0,0.0,0.0,0.0,0.0,0.0,9.9285715E7,0.0,Yes
28,impl/src/main/java/org/apache/myfaces/view/facelets/compiler/UIInstructionHandler.java,2.86E8,0.0,0.0,0.0,0.0,0.0,0.0,0.0,0.0,0.0,0.0,0.0,0.0,0.0,1.07714286E8,0.0,Yes
28,impl/src/main/java/org/apache/myfaces/view/facelets/component/UIRepeat.java,1.172E9,0.0,0.0,0.0,0.0,0.0,0.0,0.0,0.0,0.0,0.0,0.0,0.0,0.0,1.07714286E8,0.0,Yes
28,impl/src/main/java/org/apache/myfaces/view/facelets/tag/jsf/ComponentTagHandlerDelegate.java,7.26E8,0.0,0.0,0.0,0.0,0.0,0.0,0.0,0.0,0.0,0.0,0.0,0.0,0.0,1.07714286E8,0.0,Yes
28,impl/src/main/java/org/apache/myfaces/view/facelets/tag/jsf/core/SelectItemHandler.java,4.3E7,0.0,0.0,0.0,0.0,0.0,0.0,0.0,0.0,0.0,0.0,0.0,0.0,0.0,2.22714286E8,0.0,Yes
29,api/src/main/java/javax/faces/application/ViewHandler.java,2.7E8,0.0,0.0,0.0,0.0,0.0,0.0,0.0,0.0,0.0,0.0,0.0,0.0,0.0,2.69857143E8,0.0,Yes
29,api/src/main/java/javax/faces/application/ViewHandlerWrapper.java,1.12E8,0.0,0.0,0.0,0.0,0.0,0.0,0.0,0.0,0.0,0.0,0.0,0.0,0.0,2.51E8,0.0,Yes
29,api/src/main/java/javax/faces/view/ViewDeclarationLanguage.java,6.4E7,0.0,0.0,0.0,0.0,0.0,0.0,0.0,0.0,0.0,0.0,0.0,0.0,0.0,2.69857143E8,0.0,Yes
29,impl/src/main/java/org/apache/myfaces/application/NavigationHandlerImpl.java,6.41E8,0.0,0.0,0.0,0.0,0.0,0.0,0.0,0.0,0.0,0.0,0.0,0.0,0.0,2.69857143E8,0.0,Yes
29,impl/src/main/java/org/apache/myfaces/application/ViewHandlerImpl.java,4.14E8,0.0,0.0,0.0,0.0,0.0,0.0,0.0,0.0,0.0,0.0,0.0,0.0,0.0,9.6714286E7,0.0,Yes
29,impl/src/main/java/org/apache/myfaces/config/impl/digester/DigesterFacesConfigDispenserImpl.java,5.75E8,0.0,0.0,0.0,0.0,0.0,0.0,0.0,0.0,0.0,0.0,0.0,0.0,0.0,2.69857143E8,0.0,Yes
29,impl/src/main/java/org/apache/myfaces/lifecycle/DefaultRestoreViewSupport.java,5.23E8,0.0,0.0,0.0,0.0,0.0,0.0,0.0,0.0,0.0,0.0,0.0,0.0,0.0,2.1E8,0.0,Yes
29,impl/src/main/java/org/apache/myfaces/lifecycle/RestoreViewExecutor.java,2.8E8,0.0,0.0,0.0,0.0,0.0,0.0,0.0,0.0,0.0,0.0,0.0,0.0,0.0,2.25714286E8,0.0,Yes
29,impl/src/main/java/org/apache/myfaces/lifecycle/RestoreViewSupport.java,8.1E7,0.0,0.0,0.0,0.0,0.0,0.0,0.0,0.0,0.0,0.0,0.0,0.0,0.0,2.1E8,0.0,Yes
29,impl/src/main/java/org/apache/myfaces/view/facelets/FaceletViewDeclarationLanguage.java,1.93E9,2.8E7,1000000.0,0.0,1000000.0,9000000.0,9000000.0,9000000.0,-1.0E7,-1.0E7,-1.0E7,1000000.0,1000000.0,1000000.0,1.02285715E8,1.01428572E8,Yes
29,impl/src/main/java/org/apache/myfaces/view/facelets/FaceletViewDeclarationLanguageStrategy.java,1.58E8,0.0,0.0,0.0,0.0,0.0,0.0,0.0,0.0,0.0,0.0,0.0,0.0,0.0,1.02285715E8,0.0,Yes
29,impl/src/main/java/org/apache/myfaces/view/facelets/compiler/UIInstructionHandler.java,2.86E8,0.0,0.0,0.0,0.0,0.0,0.0,0.0,0.0,0.0,0.0,0.0,0.0,0.0,1.10714286E8,0.0,Yes
29,impl/src/main/java/org/apache/myfaces/view/facelets/component/UIRepeat.java,1.172E9,4000000.0,1000000.0,0.0,1000000.0,2000000.0,2000000.0,2000000.0,0.0,0.0,0.0,8000000.0,8000000.0,8000000.0,1.10714286E8,1.08857143E8,Yes
29,impl/src/main/java/org/apache/myfaces/view/facelets/tag/jsf/ComponentTagHandlerDelegate.java,7.26E8,0.0,0.0,0.0,0.0,0.0,0.0,0.0,0.0,0.0,0.0,0.0,0.0,0.0,1.10714286E8,0.0,Yes
30,impl/src/main/java/org/apache/myfaces/application/NavigationHandlerImpl.java,6.41E8,0.0,0.0,0.0,0.0,0.0,0.0,0.0,0.0,0.0,0.0,0.0,0.0,0.0,2.72571429E8,0.0,Yes
30,impl/src/main/java/org/apache/myfaces/view/facelets/compiler/UIInstructionHandler.java,2.86E8,0.0,0.0,0.0,0.0,0.0,0.0,0.0,0.0,0.0,0.0,0.0,0.0,0.0,1.13428572E8,0.0,Yes
30,impl/src/main/java/org/apache/myfaces/view/facelets/component/UIRepeat.java,1.174E9,6000000.0,1000000.0,0.0,1000000.0,4000000.0,4000000.0,4000000.0,2000000.0,2000000.0,2000000.0,1000000.0,1000000.0,1000000.0,1.13428572E8,1.11285715E8,Yes
30,impl/src/main/java/org/apache/myfaces/view/facelets/tag/jsf/ComponentTagHandlerDelegate.java,7.26E8,0.0,0.0,0.0,0.0,0.0,0.0,0.0,0.0,0.0,0.0,0.0,0.0,0.0,1.13428572E8,0.0,Yes
31,api/src/main/java/javax/faces/application/ViewExpiredException.java,6.4E7,0.0,0.0,0.0,0.0,0.0,0.0,0.0,0.0,0.0,0.0,0.0,0.0,0.0,2.60714286E8,0.0,Yes
31,impl/src/main/java/org/apache/myfaces/lifecycle/RestoreViewExecutor.java,2.81E8,0.0,0.0,0.0,0.0,0.0,0.0,0.0,0.0,0.0,0.0,0.0,0.0,0.0,2.35428572E8,0.0,Yes
31,impl/src/main/java/org/apache/myfaces/view/facelets/component/UIRepeat.java,1.174E9,0.0,0.0,0.0,0.0,0.0,0.0,0.0,0.0,0.0,0.0,0.0,0.0,0.0,1.20428572E8,0.0,Yes
32,api/src/main/java/javax/faces/application/ViewExpiredException.java,6.4E7,0.0,0.0,0.0,0.0,0.0,0.0,0.0,0.0,0.0,0.0,0.0,0.0,0.0,2.62857143E8,0.0,Yes
32,impl/src/main/java/org/apache/myfaces/el/unified/resolver/FacesCompositeELResolver.java,1.85E8,0.0,0.0,0.0,0.0,0.0,0.0,0.0,0.0,0.0,0.0,0.0,0.0,0.0,2.24E8,0.0,Yes
32,impl/src/main/java/org/apache/myfaces/lifecycle/RestoreViewExecutor.java,2.8E8,0.0,0.0,0.0,0.0,0.0,0.0,0.0,0.0,0.0,0.0,0.0,0.0,0.0,2.37571429E8,0.0,Yes
32,impl/src/main/java/org/apache/myfaces/view/facelets/AbstractFaceletContext.java,1.73E8,0.0,0.0,0.0,0.0,0.0,0.0,0.0,0.0,0.0,0.0,0.0,0.0,0.0,9.8428572E7,0.0,Yes
32,impl/src/main/java/org/apache/myfaces/view/facelets/TemplateContext.java,9.2E7,0.0,0.0,0.0,0.0,0.0,0.0,0.0,0.0,0.0,0.0,0.0,0.0,0.0,5.4571429E7,0.0,Yes
32,impl/src/main/java/org/apache/myfaces/view/facelets/component/UIRepeat.java,1.172E9,0.0,0.0,0.0,0.0,0.0,0.0,0.0,0.0,0.0,0.0,0.0,0.0,0.0,1.22571429E8,0.0,Yes
32,impl/src/main/java/org/apache/myfaces/view/facelets/el/DefaultVariableMapper.java,7.1E7,0.0,0.0,0.0,0.0,0.0,0.0,0.0,0.0,0.0,0.0,0.0,0.0,0.0,1.22571429E8,0.0,Yes
32,impl/src/main/java/org/apache/myfaces/view/facelets/impl/DefaultFacelet.java,4.45E8,0.0,0.0,0.0,0.0,0.0,0.0,0.0,0.0,0.0,0.0,0.0,0.0,0.0,1.22571429E8,0.0,Yes
32,impl/src/main/java/org/apache/myfaces/view/facelets/impl/DefaultFaceletContext.java,7.28E8,0.0,0.0,0.0,0.0,0.0,0.0,0.0,0.0,0.0,0.0,0.0,0.0,0.0,1.22571429E8,0.0,Yes
32,impl/src/main/java/org/apache/myfaces/view/facelets/impl/TemplateContextImpl.java,1.61E8,0.0,0.0,0.0,0.0,0.0,0.0,0.0,0.0,0.0,0.0,0.0,0.0,0.0,5.4571429E7,0.0,Yes
32,impl/src/main/java/org/apache/myfaces/view/facelets/tag/UserTagHandler.java,1.77E8,0.0,0.0,0.0,0.0,0.0,0.0,0.0,0.0,0.0,0.0,0.0,0.0,0.0,1.22571429E8,0.0,Yes
32,impl/src/main/java/org/apache/myfaces/view/facelets/tag/jstl/core/SetHandler.java,1.58E8,0.0,0.0,0.0,0.0,0.0,0.0,0.0,0.0,0.0,0.0,0.0,0.0,0.0,1.22571429E8,0.0,Yes
32,impl/src/main/java/org/apache/myfaces/view/facelets/tag/ui/CompositionHandler.java,1.82E8,0.0,0.0,0.0,0.0,0.0,0.0,0.0,0.0,0.0,0.0,0.0,0.0,0.0,1.22571429E8,0.0,Yes
32,impl/src/main/java/org/apache/myfaces/view/facelets/tag/ui/DecorateHandler.java,1.68E8,0.0,0.0,0.0,0.0,0.0,0.0,0.0,0.0,0.0,0.0,0.0,0.0,0.0,1.22571429E8,0.0,Yes
32,impl/src/main/java/org/apache/myfaces/view/facelets/tag/ui/IncludeHandler.java,1.34E8,0.0,0.0,0.0,0.0,0.0,0.0,0.0,0.0,0.0,0.0,0.0,0.0,0.0,1.22571429E8,0.0,Yes
32,impl/src/main/java/org/apache/myfaces/view/facelets/tag/ui/ParamHandler.java,8.5E7,0.0,0.0,0.0,0.0,0.0,0.0,0.0,0.0,0.0,0.0,0.0,0.0,0.0,1.22571429E8,0.0,Yes
33,api/src/main/java/javax/faces/application/ViewExpiredException.java,6.4E7,0.0,0.0,0.0,0.0,0.0,0.0,0.0,0.0,0.0,0.0,0.0,0.0,0.0,2.73714286E8,0.0,Yes
33,api/src/main/java/javax/faces/component/UIComponentBase.java,2.152E9,3.44E8,1.0E7,1000000.0,1000000.0,2.28E8,6.4E7,2.28E7,1.12E8,4.1E7,1.12E7,3.2E7,1.0E7,3200000.0,2.92571429E8,2.8818314E8,Yes
33,api/src/main/java/javax/faces/component/_ComponentUtils.java,3.99E8,1.28E8,5000000.0,0.0,1000000.0,1.16E8,6.5E7,2.32E7,1.04E8,6.5E7,2.08E7,2.0E7,1.0E7,4000000.0,2.92571429E8,2.89636161E8,Yes
33,impl/src/main/java/org/apache/myfaces/lifecycle/RestoreViewExecutor.java,2.8E8,0.0,0.0,0.0,0.0,0.0,0.0,0.0,0.0,0.0,0.0,0.0,0.0,0.0,2.48428572E8,0.0,Yes
33,impl/src/main/java/org/apache/myfaces/view/facelets/tag/jsf/core/AjaxHandler.java,4.93E8,3.2E7,2000000.0,0.0,1000000.0,2.8E7,2.6E7,1.4E7,2.4E7,2.4E7,1.2E7,3.22E8,3.21E8,1.61E8,2.92571429E8,2.88017858E8,Yes
