project,info,mei,rong,all,type of non defect
camel,'camel-2.8.3'||'components/camel-http/src/main/java/org/apache/camel/component/http/DefaultHttpBinding.java'||'CAMEL-4871'||'012a0433c2034f4d6c16b7a6745c8ef01439082d',1,1,2,
camel,'camel-2.17.0'||'components/camel-netty4-http/src/main/java/org/apache/camel/component/netty4/http/NettyHttpHelper.java'||'CAMEL-11293'||'015f6e2905b7282aa0fc33a5b5065f106526241d',1,1,2,
camel,'camel-2.13.1'||'components/camel-http4/src/main/java/org/apache/camel/component/http4/HttpEntityConverter.java'||'CAMEL-7842'||'0282a13b876989904e2cc3ce5739eb5410620e13',1,1,2,
camel,'camel-2.21.0'||'tooling/apt/src/main/java/org/apache/camel/tools/apt/ModelAnnotationProcessor.java'||'CAMEL-12690'||'074d1996ff8e82d79ea160d7adc0b03737e9c41c',1,1,2,
camel,'camel-2.10.2'||'camel-core/src/main/java/org/apache/camel/converter/jaxp/XmlConverter.java'||'CAMEL-5866'||'07cedff5838644ac5a7b82da21e1247ca5db0e61',1,1,2,
camel,'camel-1.6.4'||'camel-core/src/main/java/org/apache/camel/processor/MulticastProcessor.java'||'CAMEL-3497'||'0be3918479f050221244aeef5f2bee479b19d285',1,1,2,
camel,'camel-2.13.0'||'components/camel-elasticsearch/src/main/java/org/apache/camel/component/elasticsearch/ElasticsearchEndpoint.java'||'CAMEL-7502'||'0c3017b6b7c830916f73d2178bfdbe252505d517',1,1,2,
camel,'camel-2.17.7'||'components/camel-sjms/src/main/java/org/apache/camel/component/sjms/consumer/InOnlyMessageHandler.java'||'CAMEL-12335'||'0ff3783f0d368703b5e7e9f38c963c4572de687d',1,1,2,
camel,'camel-2.19.1'||'components/camel-sjms/src/main/java/org/apache/camel/component/sjms/tx/SessionTransactionSynchronization.java'||'CAMEL-12335'||'0ff3783f0d368703b5e7e9f38c963c4572de687d',0,1,1,(3) Modification of log messages
camel,'camel-2.0-M3'||'components/camel-ftp/src/main/java/org/apache/camel/component/file/remote/SftpOperations.java'||'CAMEL-2165'||'132f179e19c48740abd3094bdf060dd0c316058c',1,1,2,
camel,'camel-2.12.5'||'camel-core/src/main/java/org/apache/camel/util/ReflectionHelper.java'||'CAMEL-8160'||'15b2d886daca305e113f1df735ff1c8175bcdbfe',1,1,2,
camel,'camel-2.15.5'||'components/camel-snmp/src/main/java/org/apache/camel/component/snmp/SnmpMessage.java'||'CAMEL-10893'||'16889638cc631c9e1cfe9eca4acc824a0ab9d9cd',1,1,2,
camel,'camel-1.2.0'||'camel-core/src/main/java/org/apache/camel/management/InstrumentationProcessor.java'||'CAMEL-524'||'1b65998f9ff115eb7b3f3a711c2547d40dfa52eb',1,1,2,
camel,'camel-2.10.6'||'components/camel-jetty/src/main/java/org/apache/camel/component/jetty/JettyContentExchange.java'||'CAMEL-6828'||'1c73643546435df54d620cd3ada4df83bf71a7a6',1,1,2,
camel,'camel-2.12.3'||'components/camel-cdi/src/main/java/org/apache/camel/cdi/ContextName.java'||'CAMEL-10464'||'2d344699357357053a50660e0378d03f4c748ed6',1,1,2,
camel,'camel-2.9.6'||'components/camel-mina2/src/main/java/org/apache/camel/component/mina2/Mina2Endpoint.java'||'CAMEL-6312'||'2fd2d22874e5f1e49a8e58ccf4ed9cecf2e33926',1,1,2,
camel,'camel-2.21.0'||'components/camel-ftp/src/main/java/org/apache/camel/component/file/remote/RemoteFileOperations.java'||'CAMEL-12570'||'302e43e306708939b076cdfb5ea3bf0223315729',1,1,2,
camel,'camel-2.7.0'||'components/camel-cxf/src/main/java/org/apache/camel/component/cxf/CxfEndpoint.java'||'CAMEL-3810'||'3276b1749ddea6984f04fa90fa6fdf934bccff7a',1,1,2,
camel,'camel-1.6.2'||'camel-core/src/main/java/org/apache/camel/processor/UnitOfWorkProcessor.java'||'CAMEL-3560'||'53dfc4487fe023c8def13c5511bc5e1c12740008',1,1,2,
camel,'camel-2.12.1'||'components/camel-cxf/src/main/java/org/apache/camel/component/cxf/jaxrs/CxfRsHeaderFilterStrategy.java'||'CAMEL-7457'||'3451fb64181f3bb2c0fab84e268149a067819c3d',1,1,2,
camel,'camel-2.7.1'||'components/camel-hl7/src/main/java/org/apache/camel/component/hl7/HL7DataFormat.java'||'CAMEL-5943'||'365ca0905f36667816a861398e95eed3125fecfe',1,1,2,
camel,'camel-2.12.5'||'components/camel-spring-integration/src/main/java/org/apache/camel/component/spring/integration/adapter/CamelTargetAdapter.java'||'CAMEL-8476'||'37c3572df144121cf2c8c1b46d90a00da59ceac1',1,1,2,
camel,'camel-2.18.0'||'camel-core/src/main/java/org/apache/camel/processor/loadbalancer/LoadBalancerConsumer.java'||'CAMEL-11131'||'38dad16f6f60b5bc1699fdfd6835b8bfb9c349fa',1,1,2,
camel,'camel-2.11.3'||'camel-core/src/main/java/org/apache/camel/processor/loadbalancer/LoadBalancerConsumer.java'||'CAMEL-11131'||'38dad16f6f60b5bc1699fdfd6835b8bfb9c349fa',1,1,2,
camel,'camel-2.17.6'||'camel-core/src/main/java/org/apache/camel/component/file/FileOperations.java'||'CAMEL-11298'||'3c8ae8d69961f33e9945da02b27efbe721088144',1,1,2,
camel,'camel-2.22.0'||'components/camel-netty4-http/src/main/java/org/apache/camel/component/netty4/http/NettyHttpConstants.java'||'CAMEL-13545'||'409427932593ac2003a487435fe9cd9682326b2b',1,1,2,
camel,'camel-2.16.4'||'camel-core/src/main/java/org/apache/camel/language/simple/types/SimpleTokenType.java'||'CAMEL-11533'||'4484ccec60bebc1f62979278c85a92aac8c8ca56',1,1,2,
camel,'camel-2.18.4'||'components/camel-sjms/src/main/java/org/apache/camel/component/sjms/SjmsMessage.java'||'CAMEL-11772'||'46ef7a515a25cfdc6c6c8e86a562b37f1ac40983',1,1,2,
camel,'camel-1.3.0'||'components/camel-atom/src/main/java/org/apache/camel/component/atom/AtomEndpoint.java'||'CAMEL-504'||'4bd7f88c7835a0d6f6d625f7eb384dc27e1282a5',1,1,2,
camel,'camel-2.11.4'||'components/camel-restlet/src/main/java/org/apache/camel/component/restlet/converter/RestletConverter.java'||'CAMEL-11026'||'5846f22c3229030afdac6407767e4853f7e5e01d',1,1,2,
camel,'camel-2.18.5'||'components/camel-netty4/src/main/java/org/apache/camel/component/netty4/ClientModeTCPNettyServerBootstrapFactory.java'||'CAMEL-12103'||'5d7dcf2a741d5d5fe4e81355559d0872127236b7',1,1,2,
camel,'camel-2.0-M2'||'components/camel-http/src/main/java/org/apache/camel/component/http/HttpProducer.java'||'CAMEL-1740'||'5ef41e06bc44ec3acce327893fef8adb8b2f6bf5',1,1,2,
camel,'camel-2.14.4'||'components/camel-jaxb/src/main/java/org/apache/camel/converter/jaxb/FilteringXmlStreamWriter.java'||'CAMEL-12415'||'608dd28f88a4b983e0abb0fa21c7ab68fc809345',1,1,2,
camel,'camel-2.14.1'||'components/camel-kafka/src/main/java/org/apache/camel/component/kafka/KafkaConfiguration.java'||'CAMEL-8901'||'60f73419250f1ca0ace5106c81f1d9dac0638619',1,1,2,
camel,'camel-2.21.3'||'components/camel-rest-swagger/src/main/java/org/apache/camel/component/rest/swagger/RestSwaggerEndpoint.java'||'CAMEL-13192'||'61083cab91aa29511ec132840e60ff11cf131e2e',1,1,2,
camel,'camel-2.23.2'||'tooling/maven/camel-package-maven-plugin/src/main/java/org/apache/camel/maven/packaging/SpringBootAutoConfigurationMojo.java'||'CAMEL-13546'||'65a0acb1c58696ed2f260b28265520cc56c81751',1,1,2,
camel,'camel-2.8.1'||'camel-core/src/main/java/org/apache/camel/builder/SimpleBuilder.java'||'CAMEL-4476'||'65decee64fb8ffec9f436ec16683b39f05090fe7',1,1,2,
camel,'camel-2.4.0'||'components/camel-jpa/src/main/java/org/apache/camel/component/jpa/JpaConsumer.java'||'CAMEL-3348'||'665c224590df78d92e973de7a66cb83528665b4d',1,1,2,
camel,'camel-2.7.0'||'components/camel-syslog/src/main/java/org/apache/camel/component/syslog/Rfc3164SyslogDataFormat.java'||'CAMEL-5951'||'6c6d054b22ca1e7f5e6722dd3bb033b4e1de205a',1,1,2,
camel,'camel-2.7.1'||'components/camel-script/src/main/java/org/apache/camel/builder/script/ScriptLanguageResolver.java'||'CAMEL-9159'||'7228c13b30705d4bd6112215c103890b268ad5cc',1,1,2,
camel,'camel-2.10.3'||'camel-core/src/main/java/org/apache/camel/component/directvm/DirectVmProcessor.java'||'CAMEL-5748'||'77f64ce6f3fc8eaa1b8cae8f657208dc0d46d5b8',1,1,2,
camel,'camel-2.10.3'||'camel-core/src/main/java/org/apache/camel/language/simple/ast/LiteralNode.java'||'CAMEL-6129'||'794cc08849abd976c077c232f9d131b1476ab910',1,1,2,
camel,'camel-2.19.1'||'camel-core/src/main/java/org/apache/camel/model/language/XPathExpression.java'||'CAMEL-10225'||'79993fe2b37f9e3803f120c2c128ac05c808adbf',1,1,2,
camel,'camel-2.15.6'||'components/camel-stax/src/main/java/org/apache/camel/component/stax/StAXProcessor.java'||'CAMEL-13373'||'7a3d5913bb1af40f8730d27a7e3a7ac59bbf3e05',0,1,1,(2)Removal of unused import statements or whitespace
camel,'camel-2.13.1'||'components/camel-netty/src/main/java/org/apache/camel/component/netty/NettyWorkerPoolBuilder.java'||'CAMEL-8094'||'829458c700a8dcbaa0d710a7d77ff12636afa0a7',1,1,2,
camel,'camel-2.21.0'||'components/camel-aws/src/main/java/org/apache/camel/component/aws/sqs/SqsEndpoint.java'||'CAMEL-12379'||'86f077eba053bebbdba38e8ca558248dd0f84a43',1,1,2,
camel,'camel-2.15.0'||'components/camel-http/src/main/java/org/apache/camel/component/http/SSLContextParametersSecureProtocolSocketFactory.java'||'CAMEL-6443'||'89dc2e88b903df9ba1da9a38c4cc22a55186fd1a',1,1,2,
camel,'camel-2.14.1'||'components/camel-spring-ws/src/main/java/org/apache/camel/component/spring/ws/SpringWebserviceProducer.java'||'CAMEL-6443'||'89dc2e88b903df9ba1da9a38c4cc22a55186fd1a',1,1,2,
camel,'camel-2.14.1'||'camel-core/src/main/java/org/apache/camel/util/URISupport.java'||'CAMEL-8417'||'8c273a7456f095b32321535bd1813a592d2c263c',1,1,2,
camel,'camel-2.18.1'||'components/camel-mllp/src/main/java/org/apache/camel/component/mllp/MllpComponent.java'||'CAMEL-10511'||'91121843801aed6411b7c91da3b1e502e2d35009',1,1,2,
camel,'camel-2.18.1'||'components/camel-mllp/src/main/java/org/apache/camel/component/mllp/MllpAcknowledgementTimoutException.java'||'CAMEL-10511'||'91121843801aed6411b7c91da3b1e502e2d35009',0,1,1,(1) Supportive code changes for cross-file bug fixes
camel,'camel-2.15.2'||'components/camel-hl7/src/main/java/org/apache/camel/component/hl7/HL7MLLPNettyDecoder.java'||'CAMEL-8812'||'919de008e5a976aaa4d5d4a7b5a854b5ff113a82',1,1,2,
camel,'camel-2.16.2'||'camel-core/src/main/java/org/apache/camel/util/MessageHelper.java'||'CAMEL-10147'||'920a88d2ce75bf5d7204d0984c9eed5136bb60d2',1,1,2,
camel,'camel-2.11.4'||'components/camel-cxf/src/main/java/org/apache/camel/component/cxf/feature/RAWDataFormatFeature.java'||'CAMEL-9821'||'92becd2a94dc0135dee0b92c8caff31eb51dae31',1,1,2,
camel,'camel-2.12.1'||'components/camel-spring/src/main/java/org/apache/camel/spring/spi/TransactionErrorHandler.java'||'CAMEL-8424'||'934d0f14a0d4a733d5fdf2310a21de66ebb77626',1,1,2,
camel,'camel-2.21.2'||'components/camel-rabbitmq/src/main/java/org/apache/camel/component/rabbitmq/RabbitMQConsumer.java'||'CAMEL-12229'||'93ac39c3a9139661d763e99ccfa5673fe7ebfc10',1,1,2,
camel,'camel-2.18.0'||'components-starter/camel-core-starter/src/main/java/org/apache/camel/component/bean/springboot/BeanComponentAutoConfiguration.java'||'CAMEL-10524'||'9593ad10aba278d45898feec5e42df2dc9396032',1,1,2,
camel,'camel-2.17.1'||'components/camel-ahc/src/main/java/org/apache/camel/component/ahc/AhcEndpoint.java'||'CAMEL-9972'||'989886a96a6d3b13f169b7b9dac3fc5e7c32af9e',1,1,2,
camel,'camel-2.0.0'||'camel-core/src/main/java/org/apache/camel/processor/ErrorHandlerSupport.java'||'CAMEL-2278'||'9b0fd4f6865330687ac597b0b284d3a533def92e',0,1,1,(1) Supportive code changes for cross-file bug fixes
camel,'camel-2.22.0'||'components/camel-slack/src/main/java/org/apache/camel/component/slack/SlackEndpoint.java'||'CAMEL-12867'||'9dd7fc1ddfe2f85136784138e988a68dc08a4170',1,1,2,
camel,'camel-2.11.1'||'components/camel-hbase/src/main/java/org/apache/camel/component/hbase/model/HBaseRow.java'||'CAMEL-8268'||'9edcfbc1bfeeeb3625fb91815f2a8a117679fd16',1,1,2,
camel,'camel-2.18.0'||'components/camel-blueprint/src/main/java/org/apache/camel/blueprint/handler/CamelNamespaceHandler.java'||'CAMEL-10394'||'a4e94f036d02943814c84195d73837cf607c8c20',1,1,2,
camel,'camel-2.18.0'||'components/camel-kubernetes/src/main/java/org/apache/camel/component/kubernetes/producer/KubernetesBuildsProducer.java'||'CAMEL-10514'||'a52ab3cdcd05c53818fe8c5ba0c71212dd7c5a3b',1,1,2,
camel,'camel-2.8.1'||'camel-core/src/main/java/org/apache/camel/component/timer/TimerConsumer.java'||'CAMEL-5137'||'afa1d1320088229976f739beee149d4c3ae8bafb',1,1,2,
camel,'camel-2.7.5'||'components/camel-twitter/src/main/java/org/apache/camel/component/twitter/TwitterConfiguration.java'||'CAMEL-4908'||'b1caed633cc3e96daa6048c59e95190b61b35a16',1,1,2,
camel,'camel-2.14.0'||'components/camel-dozer/src/main/java/org/apache/camel/converter/dozer/DozerBeanMapperConfiguration.java'||'CAMEL-11652'||'b1f8b6f91b1d2835194454cdf813acd68feb1809',1,1,2,
camel,'camel-2.16.3'||'components/camel-dozer/src/main/java/org/apache/camel/converter/dozer/DozerTypeConverterLoader.java'||'CAMEL-11652'||'b1f8b6f91b1d2835194454cdf813acd68feb1809',1,1,2,
camel,'camel-2.8.4'||'camel-core/src/main/java/org/apache/camel/component/file/strategy/GenericFileProcessStrategySupport.java'||'CAMEL-6413'||'bd34771fa19702b9c8f7e86ac56b4a92d2c35169',1,1,2,
camel,'camel-2.16.1'||'camel-core/src/main/java/org/apache/camel/management/MBeanInfoAssembler.java'||'CAMEL-11607'||'bdca8ba550c80aea108ff60130100afce453adbb',1,1,2,
camel,'camel-2.16.4'||'camel-core/src/main/java/org/apache/camel/model/DataFormatDefinition.java'||'CAMEL-10542'||'c0a9f5cd494a361c081ded85c5b23f4c903a78a3',1,1,2,
camel,'camel-2.16.3'||'components/camel-blueprint/src/main/java/org/apache/camel/blueprint/BlueprintDataFormatResolver.java'||'CAMEL-10542'||'c0a9f5cd494a361c081ded85c5b23f4c903a78a3',1,1,2,
camel,'camel-2.9.0'||'components/camel-crypto/src/main/java/org/apache/camel/component/crypto/processor/DigitalSignatureProcessor.java'||'CAMEL-4996'||'c170d7fc5a3ac83ca2badcdf645a478c065c050b',1,1,2,
camel,'camel-2.9.0'||'camel-core/src/main/java/org/apache/camel/language/simple/ast/SingleQuoteStart.java'||'CAMEL-5415'||'c31cc5fec2755222d92ab14f8cb0f02094536371',1,1,2,
camel,'camel-2.21.1'||'camel-core/src/main/java/org/apache/camel/management/mbean/ManagedRemoveHeaders.java'||'CAMEL-12726'||'c46cf31aae0cda6cd0a2e951aa88a5238e14efc3',1,1,2,
camel,'camel-2.20.2'||'components/camel-mllp/src/main/java/org/apache/camel/component/mllp/internal/TcpServerConsumerValidationRunnable.java'||'CAMEL-12210'||'c8f24cac46f9c4a02a869597a0e7ba03565aa9fd',1,0,1,(1) Supportive code changes for cross-file bug fixes
camel,'camel-2.13.1'||'camel-core/src/main/java/org/apache/camel/util/GroupIterator.java'||'CAMEL-7876'||'c9e1bc87e6265044244d254036e827050ee2bd83',1,1,2,
camel,'camel-2.8.2'||'components/camel-ahc/src/main/java/org/apache/camel/component/ahc/HttpHeaderFilterStrategy.java'||'CAMEL-6185'||'cfe5ddd5638f7acb3d0d0d9b1de806f2058e8415',1,1,2,
camel,'camel-2.14.0'||'components/camel-cmis/src/main/java/org/apache/camel/component/cmis/CMISConsumer.java'||'CAMEL-10663'||'d4abdfa78458aebc173347a432b632915fecc316',1,1,2,
camel,'camel-2.18.0'||'components/camel-spark-rest/src/main/java/org/apache/camel/component/sparkrest/SparkHeaderFilterStrategy.java'||'CAMEL-11028'||'dc82efea09d04e4289895aea5dba24595eaccfbb',1,1,2,
camel,'camel-1.3.0'||'components/camel-jaxb/src/main/java/org/apache/camel/converter/jaxb/JaxbDataFormat.java'||'CAMEL-1074'||'dde122168478d3be64e9fab4ec4bf85ae208126a',1,1,2,
camel,'camel-2.18.0'||'components-starter/camel-jcache-starter/src/main/java/org/apache/camel/component/jcache/springboot/JCacheComponentAutoConfiguration.java'||'CAMEL-10524'||'e06bd595bd302477a854b85dc3064c7e7f04740e',1,1,2,
camel,'camel-1.6.1'||'camel-core/src/main/java/org/apache/camel/model/ChoiceDefinition.java'||'CAMEL-1697'||'e34c6f71ef2d397c46308f121f0848b2a5a2a814',1,1,2,
camel,'camel-2.10.7'||'components/camel-websocket/src/main/java/org/apache/camel/component/websocket/JettyClassPathResource.java'||'CAMEL-9890'||'e3eb2c3c4f1f85c40641bf0f3aa334629f904cff',0,0,0,(2)Removal of unused import statements or whitespace
camel,'camel-2.4.0'||'components/camel-quartz/src/main/java/org/apache/camel/component/quartz/QuartzEndpoint.java'||'CAMEL-3091'||'e494d838966ab97bbee5f836a8def03aabcf4c8b',1,1,2,
camel,'camel-2.16.0'||'components/camel-ftp/src/main/java/org/apache/camel/component/file/remote/RemoteFilePollingConsumerPollStrategy.java'||'CAMEL-12061'||'e52425e6b9f70a7f59e5a2b6025330470049f0f0',1,1,2,
camel,'camel-2.1.0'||'components/camel-jms/src/main/java/org/apache/camel/component/jms/EndpointMessageListener.java'||'CAMEL-2249'||'e7db6488247925f0130458d581ffa3cc125efa31',1,1,2,
camel,'camel-2.21.4'||'components/camel-spring-redis/src/main/java/org/apache/camel/component/redis/processor/idempotent/RedisStringIdempotentRepository.java'||'CAMEL-13397'||'efdaaa05e072beb6a7e75c72a7d855a44a174c5c',1,1,2,
camel,'camel-2.9.0'||'components/camel-stream/src/main/java/org/apache/camel/component/stream/StreamProducer.java'||'CAMEL-5279'||'f3559782acb29c0a4a63aa84d24e9d5259e4cc32',1,1,2,
camel,'camel-2.9.0'||'components/camel-netty/src/main/java/org/apache/camel/component/netty/ClientPipelineFactory.java'||'CAMEL-5225'||'f3e4ec25bd836e7c5bde4729f26bf7fc9e16c2cf',1,1,2,
camel,'camel-2.8.2'||'components/camel-netty/src/main/java/org/apache/camel/component/netty/DefaultClientPipelineFactory.java'||'CAMEL-5225'||'f3e4ec25bd836e7c5bde4729f26bf7fc9e16c2cf',1,1,2,
camel,'camel-2.10.2'||'components/camel-cxf/src/main/java/org/apache/camel/component/cxf/converter/CxfPayloadConverter.java'||'CAMEL-5877'||'f3fecfc71f54d910ac4b32a9c2bcc53bc0530f55',1,1,2,
camel,'camel-2.20.0'||'components/camel-opentracing/src/main/java/org/apache/camel/opentracing/OpenTracingTracer.java'||'CAMEL-12098'||'f56c82812e716acf1ac9b6d6f314f7026b419648',1,1,2,
camel,'camel-2.4.0'||'camel-core/src/main/java/org/apache/camel/builder/RouteBuilder.java'||'CAMEL-3281'||'f7dd2fff02a059a5a142cac8b16ed50225fa79b8',1,1,2,
camel,'camel-2.10.2'||'camel-core/src/main/java/org/apache/camel/component/file/strategy/MarkerFileExclusiveReadLockStrategy.java'||'CAMEL-5776'||'fa4499ec68063ef3f171ca22c12205f8992fbb74',1,1,2,
camel,'camel-2.17.4'||'components/camel-rabbitmq/src/main/java/org/apache/camel/component/rabbitmq/reply/ReplyManagerSupport.java'||'CAMEL-12654'||'fddedbc44de60ccc214c0c40be420dad7e1d13da',1,1,2,
camel,'camel-2.1.0'||'camel-core/src/main/java/org/apache/camel/converter/stream/FileInputStreamCache.java'||'CAMEL-2636'||'ff788e8f9da140e9a2cc08d4615fb878dbdb1c7d',1,1,2,
camel,'camel-2.23.4'||'core/camel-endpointdsl/src/main/java/org/apache/camel/builder/endpoint/dsl/SqsEndpointBuilderFactory.java'||'CAMEL-14002'||'ffc66fad217477e48991e0945c96ac795917c8d0',1,1,2,
camel,'camel-2.17.1'||'components/camel-salesforce/camel-salesforce-component/src/main/java/org/apache/camel/component/salesforce/internal/processor/XmlRestProcessor.java'||'CAMEL-10090'||'cace59f0254e78cd1b1342c3ea1fc70c5dfb9b23',1,1,2,
camel,'camel-2.21.0'||'components/camel-aws/src/main/java/org/apache/camel/component/aws/firehose/KinesisFirehoseEndpoint.java'||'CAMEL-12379'||'be5d7b0b9b1b414800950250fe929cf5f6298bf1',1,1,2,
camel,'camel-2.9.8'||'components/camel-flatpack/src/main/java/org/apache/camel/component/flatpack/DataSetList.java'||'CAMEL-7068'||'96a991760b74d1cc31b09f98c4bc09ab16770bb5',1,1,2
camel,'camel-2.0-M1'||'camel-core/src/main/java/org/apache/camel/processor/validation/ValidatorErrorHandler.java'||'CAMEL-1753'||'5b7bd39989f8f91eb18e2a472708fa98547a2e15',1,1,2
camel,'camel-2.19.2'||'components/camel-spring-boot/src/main/java/org/apache/camel/spring/boot/RoutesCollector.java'||'CAMEL-11715'||'5e0c8dea8f8d663028e8e7c3daba08a5f20adb20',1,1,2
cxf,'cxf-2.5.10'||'rt/rs/client/src/main/java/org/apache/cxf/jaxrs/client/LocalClientState.java'||'CXF-4992'||'00af0597c650f8b9fccd64e3f362edf9fc9f4b3d',1,1,2,
cxf,'cxf-2.3.1'||'rt/core/src/main/java/org/apache/cxf/buslifecycle/CXFBusLifeCycleManager.java'||'CXF-3214'||'032d49d3b08599314a923e28b187af0e1ba58d97',1,1,2,
cxf,'cxf-2.6.14'||'rt/bindings/coloc/src/main/java/org/apache/cxf/binding/coloc/blueprint/ColocBPNamespaceHandler.java'||'CXF-7183'||'0344b6bc0d1e61a3d3b5194f5ae3ebcdf62e8d56',1,1,2,
cxf,'cxf-2.3.2'||'rt/core/src/main/java/org/apache/cxf/attachment/DelegatingInputStream.java'||'CXF-3504'||'074da46087dfc7a0ed0f11ae5509747e55043c8d',1,1,2,
cxf,'cxf-2.3.4'||'rt/core/src/main/java/org/apache/cxf/attachment/DelegatingInputStream.java'||'CXF-3504'||'0b5d767822c953cdb1134e4f6c85eebb69ec267c',1,1,2,
cxf,'cxf-2.2.5'||'tools/javato/ws/src/main/java/org/apache/cxf/tools/java2wsdl/processor/internal/jaxws/ResponseWrapper.java'||'CXF-2934'||'0fce4279003d07ac5d3f5cc7f5df8e2fa17c42d9',1,1,2,
cxf,'cxf-3.0.8'||'rt/transports/http/src/main/java/org/apache/cxf/transport/http/CXFAuthenticator.java'||'CXF-7292'||'10ed38c6d1f74f75ae231e8b91b7198b4e162ab3',1,1,2,
cxf,'cxf-3.1.10'||'core/src/main/java/org/apache/cxf/attachment/Base64DecoderStream.java'||'CXF-4851'||'11a1e4ef71053e7deca6bd323f5cd27fd9bc6da4',1,1,2,
cxf,'cxf-3.0.11'||'rt/transports/jms/src/main/java/org/apache/cxf/transport/jms/BackChannelConduit.java'||'CXF-7023'||'144ff8c9fa7a4495ad4825ba47cef74af563a299',1,1,2,
cxf,'cxf-2.7.15'||'rt/frontend/jaxrs/src/main/java/org/apache/cxf/jaxrs/impl/RuntimeDelegateImpl.java'||'CXF-6356'||'7d9db664a2f29310e42eef6f92a9066cb205bdba',1,1,2,
cxf,'cxf-2.6.2'||'rt/frontend/jaxws/src/main/java/org/apache/cxf/jaxws/handler/soap/SOAPMessageContextImpl.java'||'CXF-6506'||'21779aebde16eb81ae1af5c01928c1e0b73ef7de',1,1,2,
cxf,'cxf-3.0.9'||'rt/bindings/soap/src/main/java/org/apache/cxf/binding/soap/saaj/SAAJInInterceptor.java'||'CXF-6867'||'26edcd457ea507075a4c82e2787f11f11a432876',1,1,2,
cxf,'cxf-2.6.2'||'api/src/main/java/org/apache/cxf/interceptor/StaxOutEndingInterceptor.java'||'CXF-4523'||'277f0d04969f1bad1401ec0f6efffe503c8d6e02',1,1,2,
cxf,'cxf-2.2.1'||'tools/common/src/main/java/org/apache/cxf/tools/util/NameUtil.java'||'CXF-6071'||'2833a5834652f54485296fbf79316c8dbb48a0a5',1,1,2,
cxf,'cxf-2.2.1'||'maven-plugins/codegen-plugin/src/main/java/org/apache/cxf/maven_plugin/WSDL2JavaMojo.java'||'CXF-1079'||'2dfd67f2a219bda4ed5ad0af1f6847cef206f78c',1,1,2,
cxf,'cxf-3.0.11'||'rt/ws/policy/src/main/java/org/apache/cxf/ws/policy/PolicyEngine.java'||'CXF-6968'||'2e2dbb7ac213cb75a5ee5cf2410b2f70c701ea21',1,1,2,
cxf,'cxf-2.5.1'||'rt/frontend/jaxrs/src/main/java/org/apache/cxf/jaxrs/provider/ProviderFactory.java'||'CXF-4086'||'36fa549715507ee45b38242d85859fedb0e1d8a0',1,1,2,
cxf,'cxf-2.6.0'||'rt/rs/security/oauth-parent/oauth2/src/main/java/org/apache/cxf/rs/security/oauth2/utils/AuthorizationUtils.java'||'CXF-4318'||'37342972fb762bd853b2922f3cf2b9a00870a35a',1,1,2,
cxf,'cxf-3.0.0-milestone2'||'rt/frontend/simple/src/main/java/org/apache/cxf/frontend/WSDLGetUtils.java'||'CXF-4910'||'37e455e3c6f6986099fb05903a25daec8dd9a75b',1,1,2,
cxf,'cxf-2.3.5'||'tools/common/src/main/java/org/apache/cxf/tools/common/toolspec/ToolRunner.java'||'CXF-6976'||'3b967cf6d9c67bebb6e0705a3fdede4d2a6b1015',1,1,2,
cxf,'cxf-3.0.1'||'rt/bindings/soap/src/main/java/org/apache/cxf/binding/soap/interceptor/Soap12FaultOutInterceptor.java'||'CXF-5911'||'3bf3d07c954536d099274ebf1c5690e84ff3a423',1,1,2,
cxf,'cxf-2.5.1'||'rt/rs/security/oauth-parent/oauth/src/main/java/org/apache/cxf/rs/security/oauth/client/OAuthClientUtils.java'||'CXF-4051'||'3e37bddd68e98bcb359c74a1a4c13a3270574470',1,1,2,
cxf,'cxf-2.2'||'tools/javato/ws/src/main/java/org/apache/cxf/tools/java2js/processor/JavaToJSProcessor.java'||'CXF-1027'||'3f23e9a704fd08092ac882deed1481c60b7397d5',1,1,2,
cxf,'cxf-3.0.0-milestone2'||'rt/transports/http-netty/netty-client/src/main/java/org/apache/cxf/transport/http/netty/client/NettyHttpConduit.java'||'CXF-5781'||'4008219f8f4052ca1e0a8c904cc89a7dca8032f3',1,1,2,
cxf,'cxf-2.2.2'||'api/src/main/java/org/apache/cxf/databinding/AbstractDataBinding.java'||'CXF-2331'||'43ba1689730d2d336d35d7730287fbc4148ef512',1,1,2,
cxf,'cxf-2.7.6'||'core/src/main/java/org/apache/cxf/staxutils/validation/StaxSchemaValidationInInterceptor.java'||'CXF-5237'||'43fdd69f929d455e17694dad033d440c5e07a404',1,1,2,
cxf,'cxf-2.1.4'||'rt/ws/addr/src/main/java/org/apache/cxf/ws/addressing/AddressingPropertiesImpl.java'||'CXF-2308'||'45dd9481525d94918b9c69794b2f1c04b4a5780d',1,1,2,
cxf,'cxf-2.3.4'||'api/src/main/java/org/apache/cxf/phase/Phase.java'||'CXF-3514'||'4ddbefe0753d0b4c6aaea0e956adb3bfcf0348e2',1,1,2,
cxf,'cxf-3.0.5'||'rt/ws/rm/src/main/java/org/apache/cxf/ws/rm/EncoderDecoder10Impl.java'||'CXF-7392'||'4fb071197127482933e43ad92ec6d979520f3844',1,1,2,
cxf,'cxf-2.2.1'||'rt/frontend/jaxrs/src/main/java/org/apache/cxf/jaxrs/impl/ResponseImpl.java'||'CXF-4983'||'59742b14708200f687fc784aa3351163864c6676',1,1,2,
cxf,'cxf-2.6.1'||'rt/ws/security/src/main/java/org/apache/cxf/ws/security/wss4j/policyhandlers/AbstractBindingBuilder.java'||'CXF-4054'||'5bed0c0e85444e48a78ec4cb375e252c34d076e6',1,1,2,
cxf,'cxf-3.1.10'||'rt/transports/jms/src/main/java/org/apache/cxf/transport/jms/JMSPropertyType.java'||'CXF-3574'||'61abbdafc1ccec0dce86383c547f4af383afba9a',1,1,2,
cxf,'cxf-2.6.1'||'api/src/main/java/org/apache/cxf/interceptor/Fault.java'||'CXF-4684'||'63973c39f71f1e4a4c5a2567a9079a69a3d7da9d',1,1,2,
cxf,'cxf-2.7.14'||'services/ws-discovery/ws-discovery-api/src/main/java/org/apache/cxf/ws/discovery/WSDiscoveryClient.java'||'CXF-6172'||'66a50dd4b5a8cd4554a50c8cd8d9bcd32dd2a4a2',1,1,2,
cxf,'cxf-2.1.3'||'rt/frontend/jaxrs/src/main/java/org/apache/cxf/jaxrs/utils/AnnotationUtils.java'||'CXF-1882'||'5e788618d459e75cef536b03f47d7b57a9938397',1,1,2,
cxf,'cxf-2.4.2'||'api/src/main/java/org/apache/cxf/endpoint/AbstractConduitSelector.java'||'CXF-4154'||'6e7e0f44a407ac756affda8d81abe5106d45dace',1,1,2,
cxf,'cxf-3.1.15'||'core/src/main/java/org/apache/cxf/transport/common/gzip/GZIPFeature.java'||'CXF-7837'||'7068e868cc9c00b144efda2b8652385ef4032be3',1,1,2,
cxf,'cxf-3.0.12'||'rt/rs/client/src/main/java/org/apache/cxf/jaxrs/client/JAXRSClientFactory.java'||'CXF-8089'||'768c0959b6e1882badeb55387f1d2fc34b57237e',1,1,2,
cxf,'cxf-2.2.5'||'rt/frontend/jaxrs/src/main/java/org/apache/cxf/jaxrs/JAXRSBindingFactory.java'||'CXF-2936'||'783ce27c6a8313fb39dcf69a0d7e0ea85b5d4b8f',1,1,2,
cxf,'cxf-2.4.2'||'tools/corba/src/main/java/org/apache/cxf/tools/corba/processors/idl/ExceptionVisitor.java'||'CXF-5340'||'85ff2ffdd7dbbe614f99858a9c321acf16790d0c',1,1,2,
cxf,'cxf-2.7.10'||'rt/transports/http-hc/src/main/java/org/apache/cxf/transport/http/asyncclient/SharedOutputBuffer.java'||'CXF-7122'||'87f503fe2420695769635dca272c7544d8c283c8',1,1,2,
cxf,'cxf-3.0.11'||'rt/transports/http-hc/src/main/java/org/apache/cxf/transport/http/asyncclient/SharedOutputBuffer.java'||'CXF-7122'||'87f503fe2420695769635dca272c7544d8c283c8',1,1,2,
cxf,'cxf-3.1.3'||'rt/transports/http-hc/src/main/java/org/apache/cxf/transport/http/asyncclient/SharedOutputBuffer.java'||'CXF-7122'||'87f503fe2420695769635dca272c7544d8c283c8',1,1,2,
cxf,'cxf-3.2.6'||'rt/transports/http-hc/src/main/java/org/apache/cxf/transport/http/asyncclient/CXFHttpAsyncResponseConsumer.java'||'CXF-8095'||'8acdfbfb9ce4847be78e8b1922d91211fada9717',1,1,2,
cxf,'cxf-3.1.2'||'rt/databinding/jaxb/src/main/java/org/apache/cxf/jaxb/io/DataReaderImpl.java'||'CXF-1194'||'8b5ecaeecd258334f0342f3267bbce856b88c6a8',1,1,2,
cxf,'cxf-2.6.11'||'distribution/src/main/release/samples/java_first_jms/src/main/java/demo/server/ServerJMS.java'||'CXF-6187'||'9a02030525326802cd117a487eceb82d693092b0',1,1,2,
cxf,'cxf-2.2.3'||'maven-plugins/codegen-plugin/src/main/java/org/apache/cxf/maven_plugin/Option.java'||'CXF-2508'||'a22843d9bc7844cceeedcac457351ed5d38f6ec9',1,1,2,
cxf,'cxf-3.1.1'||'rt/ws/addr/src/main/java/org/apache/cxf/ws/addressing/impl/AddressingFeatureApplier.java'||'CXF-7392'||'a876d164c96acc9d08855e9fc6c5fd4ed281845f',1,1,2,
cxf,'cxf-2.6.14'||'rt/ws/addr/src/main/java/org/apache/cxf/ws/addressing/impl/AddressingFeatureApplier.java'||'CXF-7392'||'a876d164c96acc9d08855e9fc6c5fd4ed281845f',1,1,2,
cxf,'cxf-3.2.4'||'rt/rs/description-swagger-ui/src/main/java/org/apache/cxf/jaxrs/swagger/SwaggerUiResolver.java'||'CXF-7746'||'a957ed548e7132221e687effa48067f57f353705',1,1,2,
cxf,'cxf-2.3.2'||'rt/ws/policy/src/main/java/org/apache/cxf/ws/policy/PolicyVerificationInFaultInterceptor.java'||'CXF-3649'||'aaae6c5280db12189ee89ae00b0e9def8ce52232',1,1,2,
cxf,'cxf-2.7.2'||'rt/rs/security/oauth-parent/oauth2/src/main/java/org/apache/cxf/rs/security/oauth2/grants/refresh/RefreshTokenGrant.java'||'CXF-5384'||'b09ddad80d1a13cda44547c5db55c837d4e84434',1,1,2,
cxf,'cxf-3.0.9'||'rt/transports/http/src/main/java/org/apache/cxf/transport/http/DestinationRegistryImpl.java'||'CXF-7304'||'b174e1d4976ef822be1c47d2e7c61b4b12ce9028',1,1,2,
cxf,'cxf-2.7.1'||'rt/ws/rm/src/main/java/org/apache/cxf/ws/rm/RMEndpoint.java'||'CXF-4863'||'c1bf42fedec8e60dee784c9bcbcd311e72a020ea',1,1,2,
cxf,'cxf-2.7.10'||'rt/rs/extensions/providers/src/main/java/org/apache/cxf/jaxrs/provider/atom/AbstractAtomProvider.java'||'CXF-5556'||'dcddfbbdbf21b7da7f76fc54a5effdbff0b54cf3',1,1,2,
cxf,'cxf-2.1.2'||'tools/common/src/main/java/org/apache/cxf/tools/util/FileWriterUtil.java'||'CXF-2937'||'e8865ce9f2f3262283e51d3d77f5b5f15ffaf7a0',1,1,2,
cxf,'cxf-2.3.4'||'tools/wsdlto/core/src/main/java/org/apache/cxf/tools/wsdlto/core/AbstractGenerator.java'||'CXF-2450'||'e8865ce9f2f3262283e51d3d77f5b5f15ffaf7a0',1,1,2,
cxf,'cxf-3.0.1'||'rt/bindings/soap/src/main/java/org/apache/cxf/binding/soap/blueprint/Activator.java'||'CXF-7142'||'f3fe386730967495532c0c6ca96d95ee7ca15639',1,1,2,
cxf,'cxf-2.7.1'||'rt/core/src/main/java/org/apache/cxf/wsdl11/WSDLManagerImpl.java'||'CXF-5059'||'f475c44bd42d2864d03166a79c9aebc7ecc074e6',1,1,2,
cxf,'cxf-2.1.3'||'rt/databinding/aegis/src/main/java/org/apache/cxf/aegis/type/java5/Java5TypeCreator.java'||'CXF-2017'||'fb121ab4faf2c8d2475f35106321466a0ba9a382',1,1,2,
cxf,'cxf-2.7.2'||'rt/features/clustering/src/main/java/org/apache/cxf/clustering/FailoverTargetSelector.java'||'CXF-4796'||'fedc95adf6f9a8656df5c8723a4e6c373558d9eb',1,1,2,
cxf,'cxf-2.1.4'||'rt/frontend/simple/src/main/java/org/apache/cxf/service/factory/ReflectionServiceFactoryBean.java'||'CXF-2087'||'08076ec8bed0cdde17709706b2c009be547138dc',1,1,2,
ignite,'2.6.0'||'modules/core/src/main/java/org/apache/ignite/internal/processors/cache/persistence/GridCacheDatabaseSharedManager.java'||'IGNITE-9898'||'10c2b10e605d372e832b65da52d67dc9656b53c1',1,1,2,
ignite,'2.6.0'||'modules/core/src/main/java/org/apache/ignite/internal/util/future/IgniteRemoteMapTask.java'||'IGNITE-11952'||'1867f8fa501c97bc1bbd752b29badce4a5dd2666',1,1,2,
ignite,'2.4.0'||'modules/core/src/main/java/org/apache/ignite/internal/cluster/IgniteKillTask.java'||'IGNITE-11952'||'1867f8fa501c97bc1bbd752b29badce4a5dd2666',1,1,2,
ignite,'2.1.0'||'modules/core/src/main/java/org/apache/ignite/internal/util/lang/GridTreePrinter.java'||'IGNITE-7122'||'1e8eaff1dc5f393e3e76cfe075602c504e484afe',1,1,2,
ignite,'2.3.0'||'modules/core/src/main/java/org/apache/ignite/internal/processors/cache/GridCacheSharedContext.java'||'IGNITE-6778'||'221a55f4621a4f766ee7ed77f6a6bf4e3876671c',1,1,2,
ignite,'2.5.0'||'modules/core/src/main/java/org/apache/ignite/internal/GridEventConsumeHandler.java'||'IGNITE-3653'||'2cea7e245927e8e54b93f7adea7524ce68c6d226',1,1,2,
ignite,'2.6.0'||'modules/core/src/main/java/org/apache/ignite/internal/processors/cache/distributed/dht/GridDhtTransactionalCacheAdapter.java'||'IGNITE-8673'||'2fc90731acb183b1505cff7e878134e88b9161da',1,1,2,
ignite,'2.6.0'||'modules/core/src/main/java/org/apache/ignite/internal/processors/cache/CacheInvokeResult.java'||'IGNITE-8926'||'3980e1ef408d1aa57af1d3165e8b471eccca47af',1,1,2,
ignite,'2.3.0'||'modules/core/src/main/java/org/apache/ignite/internal/processors/cache/CacheInvokeResult.java'||'IGNITE-8926'||'3980e1ef408d1aa57af1d3165e8b471eccca47af',1,1,2,
ignite,'1.7.0'||'modules/hadoop/src/main/java/org/apache/ignite/internal/processors/hadoop/v2/HadoopV2JobResourceManager.java'||'IGNITE-3902'||'3a94f27e6bdee1672a2a94faf0b5b63ab218b476',1,1,2,
ignite,'2.5.0'||'modules/core/src/main/java/org/apache/ignite/internal/processors/odbc/SqlStateCode.java'||'IGNITE-9620'||'3ebc740f11464df42f2b8e5e1d7adcda458f7b05',0,1,1,(1) Supportive code changes for cross-file bug fixes
ignite,'2.1.0'||'modules/core/src/main/java/org/apache/ignite/internal/processors/rest/handlers/redis/string/GridRedisSetRangeCommandHandler.java'||'IGNITE-9673'||'4e628a912442e05297b40f555b29f5ae7efad6df',1,1,2,
ignite,'1.1.4'||'modules/core/src/main/java/org/apache/ignite/internal/processors/cache/distributed/dht/GridClientPartitionTopology.java'||'IGNITE-1265'||'5065a1eccb3d71b2573d37bb6ff2c78a1bbc107c',1,1,2,
ignite,'1.8.0'||'modules/urideploy/src/main/java/org/apache/ignite/spi/deployment/uri/GridUriDeploymentJarVerifier.java'||'IGNITE-11935'||'53e47e9191d717b3eec495e6246cd957a8d33c7d',0,1,1,(2)Removal of unused import statements or whitespace
ignite,'2.2.0'||'modules/core/src/main/java/org/apache/ignite/internal/processors/service/GridServiceProcessor.java'||'IGNITE-6562'||'6679b6cbe6a26f8e9ba2a02bcf56801811e99abd',1,1,2,
ignite,'2.3.0'||'modules/core/src/main/java/org/apache/ignite/internal/processors/cache/distributed/dht/atomic/GridNearAtomicAbstractUpdateFuture.java'||'IGNITE-9937'||'7e1d17830429a78ca62e2f007fece7de6466eb0f',1,1,2,
ignite,'1.5.0.final'||'modules/core/src/main/java/org/apache/ignite/spi/IgniteSpiAdapter.java'||'IGNITE-2650'||'891726916390c2de5c4c28cc308b0fac0a3c9974',1,1,2,
ignite,'2.6.0'||'modules/core/src/main/java/org/apache/ignite/internal/processors/cache/GatewayProtectedCacheProxy.java'||'IGNITE-2313'||'4b4d263ea0762d3504f3401b439974e7b92577d2',1,1,2,
ignite,'2.5.0'||'modules/core/src/main/java/org/apache/ignite/internal/processors/cache/GatewayProtectedCacheProxy.java'||'IGNITE-2313'||'4b4d263ea0762d3504f3401b439974e7b92577d2',1,1,2,
ignite,'2.5.0'||'modules/core/src/main/java/org/apache/ignite/internal/processors/cache/GridCacheGateway.java'||'IGNITE-2313'||'a1dcb540b2356c713f0da954a08125ee4c478944',1,1,2,
ignite,'2.5.0'||'modules/core/src/main/java/org/apache/ignite/IgniteSystemProperties.java'||'IGNITE-2313'||'a1dcb540b2356c713f0da954a08125ee4c478944',1,1,2,
ignite,'2.5.0'||'modules/core/src/main/java/org/apache/ignite/IgniteCache.java'||'IGNITE-2313'||'a1dcb540b2356c713f0da954a08125ee4c478944',1,1,2,
ignite,'2.5.0'||'modules/hibernate-core/src/main/java/org/apache/ignite/cache/hibernate/HibernateCacheProxy.java'||'IGNITE-2313'||'a1dcb540b2356c713f0da954a08125ee4c478944',1,1,2,
ignite,'2.5.0'||'modules/core/src/main/java/org/apache/ignite/internal/processors/cache/IgniteCacheProxy.java'||'IGNITE-2313'||'a1dcb540b2356c713f0da954a08125ee4c478944',1,1,2,
ignite,'1.8.0'||'modules/core/src/main/java/org/apache/ignite/internal/processors/rest/handlers/top/GridTopologyCommandHandler.java'||'IGNITE-4896'||'a025268da2d138ef146226b0d6f10eea8af84631',1,1,2,
ignite,'2.6.0'||'modules/core/src/main/java/org/apache/ignite/internal/util/HostAndPortRange.java'||'IGNITE-11599'||'a1151a7b1603ef17de01bfc7bc58e50361251b98',1,1,2,
ignite,'1.5.0.final'||'modules/hadoop/src/main/java/org/apache/ignite/internal/processors/hadoop/taskexecutor/external/communication/HadoopExternalCommunication.java'||'IGNITE-3770'||'bbaa79af8ef526b5d2684db0e3d71d60a8f1ebe7',1,1,2,
ignite,'2.2.0'||'modules/core/src/main/java/org/apache/ignite/internal/processors/cache/persistence/pagemem/CheckpointMetricsTracker.java'||'IGNITE-7754'||'d0adb61ecd9af0d9907e480ec747ea1465f97cd7',1,1,2,
ignite,'1.6.0'||'modules/indexing/src/main/java/org/apache/ignite/internal/processors/query/h2/twostep/GridMapQueryExecutor.java'||'IGNITE-3326'||'d33f4db130d4379fa3ab7320ccf118a94c17b889',1,1,2,
ignite,'2.4.0'||'modules/core/src/main/java/org/apache/ignite/internal/processors/cache/QueryCursorImpl.java'||'IGNITE-9652'||'d829b67e9de85809d23c07791ca88011fe1a7318',0,1,1,(2)Removal of unused import statements or whitespace
ignite,'2.7.0'||'modules/core/src/main/java/org/apache/ignite/internal/processors/cache/GridCachePartitionExchangeManager.java'||'IGNITE-10589'||'d9be16f23f4df6405ea7e523c255dbe44e21c853',1,1,2,
ignite,'2.4.0'||'modules/ml/src/main/java/org/apache/ignite/ml/knn/classification/KNNClassificationModel.java'||'IGNITE-8233'||'ee9ca06a8cbec6eec2b963fb1db1b3f383fc1837',1,1,2,
jackrabbit,'1.0'||'jackrabbit/src/main/java/org/apache/jackrabbit/core/observation/EventFilter.java'||'JCR-594'||'1f2f3f2fa53dc2709c8ed0365f8bc8fb92b5c8f0',1,1,2,
jackrabbit,'2.0-alpha1'||'jackrabbit-core/src/main/java/org/apache/jackrabbit/core/version/VersionIteratorImpl.java'||'JCR-2102'||'22828a7881107b8f698dc00ab66633169b17b07f',1,1,2,
jackrabbit,'jackrabbit-2.13.1'||'jackrabbit-jcr-commons/src/main/java/org/apache/jackrabbit/commons/query/GQL.java'||'JCR-4042'||'26ca32ee7e24f36c2a8d90ea5881bd4ebcde6ad3',1,1,2,
jackrabbit,'jackrabbit-2.10.7'||'jackrabbit-core/src/main/java/org/apache/jackrabbit/core/value/InternalValueFactory.java'||'JCR-4485'||'363eed482b475c479deb6a71a83922f02d9e60d7',1,1,2,
jackrabbit,'2.7.3'||'jackrabbit-spi2dav/src/main/java/org/apache/jackrabbit/spi2davex/RepositoryServiceImpl.java'||'JCR-3726'||'392198a2bc2596c25dc933a242b184c024581b99',1,1,2,
jackrabbit,'2.7.1'||'jackrabbit-spi2dav/src/main/java/org/apache/jackrabbit/spi2davex/RepositoryServiceImpl.java'||'JCR-3726'||'392198a2bc2596c25dc933a242b184c024581b99',1,1,2,
jackrabbit,'2.0-alpha7'||'jackrabbit-core/src/main/java/org/apache/jackrabbit/core/state/UpdatableItemStateManager.java'||'JCR-2272'||'3d8585b803e02646b50e2663bc0465ed1086b5d6',1,1,2,
jackrabbit,'2.2.0'||'jackrabbit-jcr-commons/src/main/java/org/apache/jackrabbit/commons/query/sql2/QOMFormatter.java'||'JCR-2939'||'41b5ca7aca5d84a52aa5bca9314a0df0fdd26bab',1,1,2,
jackrabbit,'jackrabbit-2.13.2'||'jackrabbit-jcr2spi/src/main/java/org/apache/jackrabbit/jcr2spi/xml/ImportHandler.java'||'JCR-4483'||'442f485bfd1553bc4ceac49f38f3ae85e518f3f3',1,1,2,
jackrabbit,'2.0-alpha7'||'jackrabbit-jcr2spi/src/main/java/org/apache/jackrabbit/jcr2spi/hierarchy/HierarchyManagerImpl.java'||'JCR-2981'||'500c1ec6a054276151cf63520d9f919d6176ad8c',1,1,2,
jackrabbit,'2.7.0'||'jackrabbit-core/src/main/java/org/apache/jackrabbit/core/journal/AbstractJournal.java'||'JCR-3595'||'556bdd0a9415af8bef895936fc94ba133cc1d818',0,1,1,(3) Modification of log messages
jackrabbit,'jackrabbit-2.12.2'||'jackrabbit-webdav/src/main/java/org/apache/jackrabbit/webdav/server/AbstractWebdavServlet.java'||'JCR-4002'||'67f2cc1ac78cd7bb721d556e8be27559efbf4e12',1,1,2,
jackrabbit,'2.0-beta4'||'jackrabbit-core/src/main/java/org/apache/jackrabbit/core/util/db/StreamWrapper.java'||'JCR-3377'||'75a5e4e9c8b2c18b184ac356048d0542ac567040',1,1,2,
jackrabbit,'2.4.1'||'jackrabbit-core/src/main/java/org/apache/jackrabbit/core/data/db/DbDataStore.java'||'JCR-3377'||'75a5e4e9c8b2c18b184ac356048d0542ac567040',1,1,2,
jackrabbit,'2.3.6'||'jackrabbit-core/src/main/java/org/apache/jackrabbit/core/data/db/DbDataStore.java'||'JCR-3318'||'75a5e4e9c8b2c18b184ac356048d0542ac567040',1,1,2,
jackrabbit,'2.3.7'||'jackrabbit-jcr-server/src/main/java/org/apache/jackrabbit/webdav/jcr/AbstractResource.java'||'JCR-3545'||'75b50b6049f4397f95bca81699c7fd0c1310ef89',1,1,2,
jackrabbit,'2.2.2'||'jackrabbit-core/src/main/java/org/apache/jackrabbit/core/query/lucene/AbstractIndex.java'||'JCR-2980'||'76167d6c8241472dc01c14c66ad14405830c4990',1,1,2,
jackrabbit,'1.4'||'jackrabbit-core/src/main/java/org/apache/jackrabbit/core/XAWorkspace.java'||'JCR-2168'||'83d6ba850ff7a95bba430cfca7e934af38ed0ded',1,1,2,
jackrabbit,'1.6.4'||'jackrabbit-core/src/main/java/org/apache/jackrabbit/core/security/authorization/AccessControlConstants.java'||'JCR-2774'||'8aeda7d1c9e17d1d08f642fb792a22511d795cee',0,1,1,(1) Supportive code changes for cross-file bug fixes
jackrabbit,'jackrabbit-2.15.3'||'jackrabbit-spi2dav/src/main/java/org/apache/jackrabbit/spi2dav/URIResolverImpl.java'||'JCR-4185'||'8cfc2a65c1600b8f9a124ccfef0e4541ed16adb1',1,1,2,
jackrabbit,'2.3.5'||'jackrabbit-jcr2spi/src/main/java/org/apache/jackrabbit/jcr2spi/query/QueryResultImpl.java'||'JCR-3198'||'8d9d39bb39d381961a69f820497ab06c8d932b4b',1,1,2,
jackrabbit,'1.5.3'||'jackrabbit-core/src/main/java/org/apache/jackrabbit/core/data/db/DbDataRecord.java'||'JCR-2576'||'8e68391a5b00a20cd3acd7f42a20c9d38930257b',1,1,2,
jackrabbit,'jackrabbit-core-1.4.8'||'jackrabbit-core/src/main/java/org/apache/jackrabbit/core/state/XAItemStateManager.java'||'JCR-1554'||'8f23f295eb77a90e89a99a9756682187448badff',1,1,2,
jackrabbit,'2.7.2'||'jackrabbit-core/src/main/java/org/apache/jackrabbit/core/query/lucene/SearchIndex.java'||'JCR-3693'||'8fc304264296f01c7c536fd5ab7f8122eadb14c6',1,1,2,
jackrabbit,'2.1.1'||'jackrabbit-jcr-rmi/src/main/java/org/apache/jackrabbit/rmi/repository/RmiRepositoryFactory.java'||'JCR-3459'||'97efe3c6ef7db04dd4c3a54820d345f9a2ba6e53',1,1,2,
jackrabbit,'1.5.5'||'jackrabbit-webdav/src/main/java/org/apache/jackrabbit/webdav/observation/Subscription.java'||'JCR-2542'||'98e9778e7aba05bbaa0df0c4702b29da2e43b147',0,1,1,(1) Supportive code changes for cross-file bug fixes
jackrabbit,'1.3.1'||'jackrabbit-core/src/main/java/org/apache/jackrabbit/core/SearchManager.java'||'JCR-905'||'a5eb681b22ca388e0deaab6fd0eb649411d04d11',1,1,2,
jackrabbit,'1.5.3'||'jackrabbit-spi-commons/src/main/java/org/apache/jackrabbit/spi/commons/query/qom/DefaultTraversingQOMTreeVisitor.java'||'JCR-2379'||'b05ac09608ec9fd514ba0b2fc8e0cfb6df87ac1a',1,1,2,
jackrabbit,'2.0.0'||'jackrabbit-jcr-server/src/main/java/org/apache/jackrabbit/webdav/jcr/JCRWebdavServerServlet.java'||'JCR-2565'||'b262a733c6886b53e542fe0e586db5968ac49356',1,1,2,
jackrabbit,'2.4.1'||'jackrabbit-core/src/main/java/org/apache/jackrabbit/core/ItemManager.java'||'JCR-3382'||'b805875be914e5cdb5d53e19f37961cf4c35c96e',1,1,2,
jackrabbit,'jackrabbit-2.6.8'||'jackrabbit-core/src/main/java/org/apache/jackrabbit/core/query/lucene/JackrabbitQueryParser.java'||'JCR-4110'||'b98efb1d03a77d962ef888dd6d6a4359ed1c5513',1,1,2,
jackrabbit,'jackrabbit-2.6.6'||'jackrabbit-core/src/main/java/org/apache/jackrabbit/core/query/lucene/JackrabbitQueryParser.java'||'JCR-4110'||'b98efb1d03a77d962ef888dd6d6a4359ed1c5513',1,1,2,
jackrabbit,'jackrabbit-2.13.3'||'jackrabbit-webdav/src/main/java/org/apache/jackrabbit/webdav/security/report/AclPrincipalReport.java'||'JCR-4458'||'c414ba23f3df4188c0a3ad622c9784ee89a53f1f',1,1,2,
jackrabbit,'2.12.3'||'jackrabbit-webdav/src/main/java/org/apache/jackrabbit/webdav/security/report/SearchablePropertyReport.java'||'JCR-4458'||'c414ba23f3df4188c0a3ad622c9784ee89a53f1f',1,1,2,
jackrabbit,'2.6.4'||'jackrabbit-webdav/src/main/java/org/apache/jackrabbit/webdav/security/report/AclPrincipalReport.java'||'JCR-4458'||'c414ba23f3df4188c0a3ad622c9784ee89a53f1f',1,1,2,
jackrabbit,'2.3.4'||'jackrabbit-webdav/src/main/java/org/apache/jackrabbit/webdav/version/report/CompareBaselineReport.java'||'JCR-4458'||'c414ba23f3df4188c0a3ad622c9784ee89a53f1f',1,1,2,
jackrabbit,'jackrabbit-2.18.0'||'jackrabbit-webdav/src/main/java/org/apache/jackrabbit/webdav/version/report/ExpandPropertyReport.java'||'JCR-4458'||'c414ba23f3df4188c0a3ad622c9784ee89a53f1f',1,1,2,
jackrabbit,'2.6.4'||'jackrabbit-webdav/src/main/java/org/apache/jackrabbit/webdav/security/report/SearchablePropertyReport.java'||'JCR-4458'||'c414ba23f3df4188c0a3ad622c9784ee89a53f1f',1,1,2,
jackrabbit,'2.2.2'||'jackrabbit-jcr2spi/src/main/java/org/apache/jackrabbit/jcr2spi/operation/SetPropertyValue.java'||'JCR-2880'||'c68ab6163ea3395b8d235b27923cc44a6c0547b7',1,1,2,
jackrabbit,'2.0-alpha9'||'jackrabbit-core/src/main/java/org/apache/jackrabbit/core/query/lucene/join/EquiJoin.java'||'JCR-2718'||'d3688587191be6e47b9d55941af07936b9ee4de0',1,1,2,
jackrabbit,'2.0-beta3'||'jackrabbit-jcr-server/src/main/java/org/apache/jackrabbit/webdav/jcr/DefaultItemCollection.java'||'JCR-2013'||'ee2ff878aa1c60037772010e6c4ef5c7f25ccc6d',1,1,2,
jackrabbit,'jackrabbit-core-1.4.1'||'jackrabbit-webdav/src/main/java/org/apache/jackrabbit/webdav/header/OverwriteHeader.java'||'JCR-1439'||'f0cdc4af34f1515f96e98bfa297b15dfc2b14d58',1,1,2,
karaf,'karaf-4.0.5'||'wrapper/src/main/java/org/apache/karaf/wrapper/management/internal/WrapperMBeanImpl.java'||'KARAF-4745'||'0885f0a658f7ade2e9e3224ea36d0ea7519e80f1',1,1,2,
karaf,'karaf-4.0.3'||'log/src/main/java/org/apache/karaf/log/command/GetLogLevel.java'||'KARAF-5182'||'96d1a40d790d939f2738be189b10cf06d9becc7a',1,1,2,
karaf,'karaf-2.2.2'||'jaas/modules/src/main/java/org/apache/karaf/jaas/modules/jdbc/JDBCBackingEngine.java'||'KARAF-926'||'b056a178031ce6b5aa1258537810fc4298cad4ab',1,1,2,
karaf,'karaf-4.2.0.M1'||'features/core/src/main/java/org/apache/karaf/features/internal/model/Dependency.java'||'KARAF-5591'||'0cde0aabdce7474ed4a69f0013f89296b6dd5247',1,1,2,
karaf,'karaf-2.2.7'||'client/src/main/java/org/apache/karaf/client/Main.java'||'KARAF-1815'||'275f0c111494fffbf6c41a5e8f23144a4d2f5c17',1,1,2,
karaf,'karaf-4.2.0.M1'||'features/core/src/main/java/org/apache/karaf/features/internal/service/Deployer.java'||'KARAF-5528'||'2da30f975f1403a324d43db219ccc2dd585a2956',1,1,2,
karaf,'karaf-4.0.10'||'tooling/karaf-maven-plugin/src/main/java/org/apache/karaf/tooling/features/GenerateDescriptorMojo.java'||'KARAF-5373'||'2ebdf3c2804f51a1cdf50ce8dd0b2c14cfe4efd4',1,1,2,
karaf,'karaf-2.3.5'||'jaas/modules/src/main/java/org/apache/karaf/jaas/modules/properties/PropertiesLoginModule.java'||'KARAF-2910'||'3dd78cf2305864765a2b862d8dffa6855f133a72',1,1,2,
karaf,'karaf-3.0.6'||'util/src/main/java/org/apache/karaf/util/process/PumpStreamHandler.java'||'KARAF-5420'||'435982bfcd648523b9705c966335d31e9fafc7e9',1,1,2,
karaf,'karaf-2.2.3'||'deployer/spring/src/main/java/org/apache/karaf/deployer/spring/SpringURLHandler.java'||'KARAF-2679'||'52cae1609c96b4ce1be9f29a66d5b5275cb6cb63',1,1,2,
karaf,'karaf-2.2.4'||'util/src/main/java/org/apache/karaf/util/process/StreamPumper.java'||'KARAF-2738'||'78c27109e796da029d64d824364980cea79065ee',1,1,2,
karaf,'karaf-2.1.2'||'shell/ssh/src/main/java/org/apache/karaf/shell/ssh/SshAction.java'||'KARAF-585'||'a810d504860edb2ab58ce9fa9d3597dd3e7b56fe',1,1,2,
karaf,'karaf-4.0.0.M3'||'util/src/main/java/org/apache/karaf/util/process/StreamPumper.java'||'KARAF-4630'||'b521f76166462bac783ee8d5a3f142164cf4548a',1,1,2,
karaf,'karaf-4.0.6'||'jaas/modules/src/main/java/org/apache/karaf/jaas/modules/ldap/LDAPLoginModule.java'||'KARAF-4892'||'ac07cb2440ceff94b3001728c1611fc471253d19',1,1,2,
karaf,'karaf-4.0.7'||'shell/core/src/main/java/org/apache/karaf/shell/support/table/ShellTable.java'||'KARAF-4868'||'d3e170bdab9b6d502c9a9f5c83c35bce9dd2d41d',1,1,2,
karaf,'karaf-4.0.9'||'features/core/src/main/java/org/apache/karaf/features/internal/resolver/ResourceBuilder.java'||'KARAF-5395'||'e5bd746b34300ff10ba4a0ead6e6c08efd357982',1,1,2,
karaf,'karaf-4.0.8'||'deployer/blueprint/src/main/java/org/apache/karaf/deployer/blueprint/BlueprintTransformer.java'||'KARAF-4802'||'e7f3071501314ea68dd330b671dff30717119eac',1,1,2,
karaf,'karaf-2.2.4'||'shell/console/src/main/java/org/apache/karaf/shell/console/jline/ConsoleFactory.java'||'KARAF-1305'||'e945c780ee1d353cf8f5b27d25cd8e53abebb130',1,1,2,
maven,'maven-2.2.0'||'maven-core/src/main/java/org/apache/maven/execution/MavenExecutionRequest.java'||'MNG-4335'||'08cc074b5085635cb90497ca7265245293739534',0,1,1,(1) Supportive code changes for cross-file bug fixes
maven,'maven-3.5.0-beta-1'||'maven-resolver-provider/src/main/java/org/apache/maven/repository/internal/DefaultVersionRangeResolver.java'||'MNG-6168'||'0931bb2cc7630cc79adb98407db13315b4a709ee',1,1,2,
maven,'maven-3.0-alpha-3'||'maven-model-builder/src/main/java/org/apache/maven/model/profile/activation/JdkVersionProfileActivator.java'||'MNG-4454'||'1068ab557c476a291f3f16bc2b2523d5613c5e17',1,1,2,
maven,'maven-3.0'||'maven-compat/src/main/java/org/apache/maven/artifact/repository/DefaultArtifactRepositoryFactory.java'||'MNG-4991'||'150984b8677a6963433cfe2e64f7e0d81dbf9775',1,1,2,
maven,'maven-3.2.5'||'maven-core/src/main/java/org/apache/maven/execution/DefaultMavenExecutionResult.java'||'MNG-5702'||'3b671d07340b002e13775883d09e7f7e0d9a3c49',1,1,2,
maven,'maven-3.2.5'||'maven-core/src/main/java/org/apache/maven/execution/DefaultMavenExecutionResult.java'||'MNG-5702'||'cb91332d3d5931bafdd5d717338f4a0351c61810',1,1,2,
myfaces,'myfaces-core-module-2.2.0'||'impl/src/main/java/org/apache/myfaces/application/ResourceHandlerImpl.java'||'MYFACES-3956'||'0fd5efef5555d40ddcaa598c1ebec22d578593d2',1,1,2,
myfaces,'myfaces-core-project-1.1.10'||'impl/src/main/java/org/apache/myfaces/lifecycle/LifecycleImpl.java'||'MYFACES-750'||'10cad186ab0cd55735e7a4f481d99104bf30d7bb',1,1,2,
myfaces,'2_0_0_beta'||'impl/src/main/java/org/apache/myfaces/renderkit/MyfacesResponseStateManager.java'||'MYFACES-3117'||'243f2aaf04989b7471569703a50f647bb0970109',1,1,2,
myfaces,'myfaces-core-project-2.0.2'||'impl/src/main/java/org/apache/myfaces/view/facelets/impl/DefaultFacelet.java'||'MYFACES-3169'||'2f406b2f75b8a3b4410f5a7586fdb6506f73759d',1,1,2,
myfaces,'myfaces-core-module-2.2.5'||'shared/src/main/java/org/apache/myfaces/shared/resource/ExternalContextResourceLoader.java'||'MYFACES-4107'||'41daf84db9feb812e779760f581a0dec16e206ca',1,1,2,
myfaces,'myfaces-core-module-2.2.1'||'shared-public/src/main/java/org/apache/myfaces/shared/util/ClassUtils.java'||'MYFACES-4198'||'46d45b31ab1456fb553ef47559c1cfb6e2041de2',1,1,2,
myfaces,'2_0_0_beta_3'||'impl/src/main/java/org/apache/myfaces/lifecycle/RenderResponseExecutor.java'||'MYFACES-2624'||'4c3fb30f55b043088616ba61446307dff9558b2c',1,1,2,
myfaces,'myfaces-core-project-2.0.3'||'impl/src/main/java/org/apache/myfaces/view/facelets/el/CompositeComponentELUtils.java'||'MYFACES-3287'||'517b7da33cbbfad89070defada6fa162e61fcf33',1,1,2,
myfaces,'2_0_1'||'api/src/main/java/javax/faces/component/_ComponentAttributesMap.java'||'MYFACES-3200'||'51aa542e1c8f307b3f48e92e8378db99ceca23d1',1,1,2,
myfaces,'myfaces-core-project-2.0.2'||'impl/src/main/java/org/apache/myfaces/config/annotation/_ClassByteCodeAnnotationFilter.java'||'MYFACES-2930'||'66c39ed0fe475f381cc9063af0ae91ae9d180e15',1,1,2,
myfaces,'myfaces-core-project-2.1.6'||'impl/src/main/java/org/apache/myfaces/view/facelets/AbstractFaceletContext.java'||'MYFACES-3869'||'745f22d186ca3b6f3ece6d92f25eb8bf5da738ea',1,1,2,
myfaces,'2_0_0_beta_2'||'api/src/main/java/javax/faces/application/ResourceWrapper.java'||'MYFACES-3878'||'78fdc92038634d39adc9a70c23fb1c7d33242b4f',1,1,2,
myfaces,'2_0_1'||'impl/src/main/java/org/apache/myfaces/view/facelets/compiler/UIInstructionHandler.java'||'MYFACES-2924'||'7ae89b43296188b42c9b1a6a2d559a60970f097f',1,1,2,
myfaces,'myfaces-core-project-2.1.4'||'api/src/main/java/javax/faces/validator/MethodExpressionValidator.java'||'MYFACES-4194'||'7d48b3488a543daf43321c3a09726cf6452f819c',1,1,2,
myfaces,'myfaces-core-module-2.2.2'||'impl/src/main/java/org/apache/myfaces/view/facelets/component/JsfElementRenderer.java'||'MYFACES-3874'||'960db4e76c2dc0563d6ec50f12dcf0716a9c3a37',1,1,2,
myfaces,'myfaces-core-project-2.1.5'||'impl/src/main/java/org/apache/myfaces/view/facelets/tag/jsf/core/ViewMetadataHandler.java'||'MYFACES-3502'||'96a22a32bab725e8370f9d0027c481e7941a91b6',1,1,2,
myfaces,'1_2_5'||'impl/src/main/java/org/apache/myfaces/context/servlet/FacesContextImpl.java'||'MYFACES-1982'||'98a527fc8a792b95aef940570578087ff5742fb4',0,0,0,"(4)	Code refactoring"
myfaces,'2_0_0_beta_3'||'api/src/main/java/javax/faces/application/StateManager.java'||'MYFACES-3152'||'adb0d5b0fd1a75a4f47622c2cc7f304d2a108a72',1,1,2,
myfaces,'myfaces-core-module-2.2.1'||'impl/src/main/java/org/apache/myfaces/view/facelets/util/Classpath.java'||'MYFACES-4273'||'b3320e2badb6ccb15c2750027a4e832e425de33e',1,1,2,
myfaces,'2_0_0_alpha'||'api/src/main/java/javax/faces/convert/DoubleConverter.java'||'MYFACES-3024'||'b690f30c4c241e6a57472ac6d6a1d892c751eb26',1,1,2,
myfaces,'myfaces-core-project-2.1.2'||'impl/src/main/java/org/apache/myfaces/view/facelets/impl/FaceletCompositionContextImpl.java'||'MYFACES-3301'||'b9f7db620dacf3ab1cbc17fb8a9ee63894945f4c',0,1,1,(1) Supportive code changes for cross-file bug fixes
myfaces,'myfaces-core-module-2.2.1'||'impl/src/main/java/org/apache/myfaces/flow/FlowHandlerImpl.java'||'MYFACES-3936'||'ca03dc5a645c28ccb4bca42d60f27f3edf5e6301',1,1,2,
myfaces,'1_2_4'||'api/src/main/java/javax/faces/application/StateManager.java'||'MYFACES-2383'||'cf1c608cd80fa1679891e588cc924af9f8765d36',0,1,1,(1) Supportive code changes for cross-file bug fixes
myfaces,'2_0_1'||'api/src/main/java/javax/faces/validator/BeanValidator.java'||'MYFACES-2830'||'e32365becb111a0538c752e9b7ded2fca7a1d947',1,1,2,
myfaces,'1_2_2'||'impl/src/main/java/org/apache/myfaces/config/FacesConfigurator.java'||'MYFACES-1812'||'f1a3acc738d7cf727c07f492b2b79fd33d103631',1,1,2,
myfaces,'myfaces-core-module-2.2.0'||'shared/src/main/java/org/apache/myfaces/shared/renderkit/html/HtmlRadioRendererBase.java'||'MYFACES-3904'||'f4ff6ef4834a4b5a05a71d01c098189521b50c68',1,1,2,
myfaces,'myfaces-core-project-2.1.0'||'api/src/main/java/javax/faces/component/UIData.java'||'MYFACES-3165'||'fbb036bbc86c9948793e9dc43a462d773654df32',1,1,2,
openmeetings,'3.1.2'||'openmeetings-db/src/main/java/org/apache/openmeetings/db/util/TimezoneUtil.java'||'OPENMEETINGS-1665'||'06d42c9f4a93d4b3b4ab05c3936006a28fca6a1f',1,1,2,
openmeetings,'4.0.4RC1'||'openmeetings-web/src/main/java/org/apache/openmeetings/web/pages/auth/RegisterDialog.java'||'OPENMEETINGS-1952'||'63000825aa62613c9cec08cae96aae0f6e8446bb',1,1,2,
openmeetings,'3.1.4RC1'||'openmeetings-webservice/src/main/java/org/apache/openmeetings/webservice/CalendarWebService.java'||'OPENMEETINGS-1533'||'a397fda22d3892d1ee745d2f2f096c23972b1809',1,1,2,
openmeetings,'3.3.2RC1'||'openmeetings-web/src/main/java/org/apache/openmeetings/web/room/sidebar/icon/right/RemoteControlRightIcon.java'||'OPENMEETINGS-1836'||'ad0ed6611b85a1cf02149ae3d758a9ef22dd74ae',1,1,2,
openmeetings,'3.3.1RC1'||'openmeetings-web/src/main/java/org/apache/openmeetings/web/room/sidebar/icon/right/RemoteControlRightIcon.java'||'OPENMEETINGS-1836'||'bb3432587e27c4c4dd92bf788101753e3dfdb224',1,1,2,
openmeetings,'3.1.1RC1'||'openmeetings-db/src/main/java/org/apache/openmeetings/db/dto/basic/SearchResult.java'||'OPENMEETINGS-1682'||'d2a8e400355b89cb2476793d6329512a3b44eb22',1,1,2,
openmeetings,'3.3.0'||'openmeetings-web/src/main/java/org/apache/openmeetings/web/pages/InvitationPasswordDialog.java'||'OPENMEETINGS-1682'||'d2a8e400355b89cb2476793d6329512a3b44eb22',1,1,2,
openmeetings,'3.3.0'||'openmeetings-db/src/main/java/org/apache/openmeetings/db/dto/basic/ServiceResult.java'||'OPENMEETINGS-1682'||'d2a8e400355b89cb2476793d6329512a3b44eb22',1,1,2,
openmeetings,'3.3.2RC1'||'openmeetings-install/src/main/java/org/apache/openmeetings/backup/BackupImport.java'||'OPENMEETINGS-1710'||'d330858ea2406421142363d964519359a98b6c0a',1,1,2,
openmeetings,'3.2.0RC1'||'openmeetings-web/src/main/java/org/apache/openmeetings/web/common/tree/FileTreePanel.java'||'OPENMEETINGS-1563'||'fd2a86558155f7d9849d964147b70745910600f7',1,1,2,
pdfbox,'1.2.0'||'pdfbox/src/main/java/org/apache/pdfbox/pdmodel/documentinterchange/logicalstructure/PDAttributeObject.java'||'PDFBOX-2147'||'11ac149fc1bc4b649210ca3f6c9e583fe3e9285c',0,0,0,"(4)	Code refactoring"
pdfbox,'1.8.6'||'pdfbox/src/main/java/org/apache/pdfbox/io/RandomAccessFile.java'||'PDFBOX-2301'||'17c2fab992fae372ed54e864cd30397004c8a4fe',1,1,2,
pdfbox,'1.6.0'||'pdfbox/src/main/java/org/apache/pdfbox/pdmodel/graphics/xobject/PDXObjectForm.java'||'PDFBOX-1342'||'1a114eeaeff32a23a0b524c0b45453ea73e3a38c',1,1,2,
pdfbox,'1.8.1'||'pdfbox/src/main/java/org/apache/pdfbox/pdmodel/font/PDSimpleFont.java'||'PDFBOX-833'||'23658984869dcc2921f89162ae958888feb10265',1,1,2,
pdfbox,'1.8.6'||'preflight/src/main/java/org/apache/pdfbox/preflight/font/CIDType2FontValidator.java'||'PDFBOX-2299'||'23f6715bc9563483c0c48afcacfd7ee68cfd8a5c',1,1,2,
pdfbox,'1.8.6'||'pdfbox/src/main/java/org/apache/pdfbox/cos/COSStream.java'||'PDFBOX-2301'||'28c08a6152230022a208caadc887bdc86ac1885e',1,1,2,
pdfbox,'2.0.0'||'fontbox/src/main/java/org/apache/fontbox/ttf/TrueTypeFont.java'||'PDFBOX-3426'||'9e4e3ddb381ef256d08a988ec6423365065ef132',1,1,2,
pdfbox,'1.8.8'||'preflight/src/main/java/org/apache/pdfbox/preflight/parser/PreflightParser.java'||'PDFBOX-2301'||'37641c0c2c7fcb3d282a9e94726d012db537429d',1,1,2,
pdfbox,'1.8.10'||'pdfbox/src/main/java/org/apache/pdfbox/pdmodel/encryption/SecurityHandler.java'||'PDFBOX-3149'||'3c211b239fbabe7690bad6b7ec54f62bac62ff7e',1,1,2,
pdfbox,'1.8.3'||'pdfbox/src/main/java/org/apache/pdfbox/pdmodel/encryption/StandardSecurityHandler.java'||'PDFBOX-1872'||'3c7c7017219038b1ce90f66a5c4a1289a16108eb',1,1,2,
pdfbox,'2.0.12'||'pdfbox/src/main/java/org/apache/pdfbox/pdmodel/font/PDFont.java'||'PDFBOX-4549'||'3e5c39a0e7d365e9f1b884c5e7f8b5dcf5b4bdbb',1,1,2,
pdfbox,'1.8.1'||'pdfbox/src/main/java/org/apache/pdfbox/pdmodel/interactive/form/PDVariableText.java'||'PDFBOX-2261'||'44dfb753eeb252112ff0619355df4809718e3f39',1,1,2,
pdfbox,'1.8.6'||'fontbox/src/main/java/org/apache/fontbox/ttf/TrueTypeFont.java'||'PDFBOX-2650'||'4a1b38c2c7e8d85ea38d699f2cf390c8e4c2d6af',1,1,2,
pdfbox,'1.8.9'||'pdfbox/src/main/java/org/apache/pdfbox/pdmodel/font/PDType1CFont.java'||'PDFBOX-3152'||'4c310d5a1efea0b8fa938fdf6a1eedbde72da1cf',0,1,1,(3) Modification of log messages
pdfbox,'1.7.1'||'pdfbox/src/main/java/org/apache/pdfbox/util/LayerUtility.java'||'PDFBOX-1568'||'4c5fa2f456eb3ea431e3764a813833eeea16bc32',1,1,2,
pdfbox,'1.2.0'||'fontbox/src/main/java/org/apache/fontbox/ttf/PostScriptTable.java'||'PDFBOX-808'||'516d0e9fed9d5ecd34173f4d9739989e5d3add9b',1,1,2,
pdfbox,'1.8.5'||'pdfbox/src/main/java/org/apache/pdfbox/pdmodel/edit/PDPageContentStream.java'||'PDFBOX-1242'||'564760dd80129f854a0c3154d8c66b880ea5956b',1,1,2,
pdfbox,'1.4.0'||'pdfbox/src/main/java/org/apache/pdfbox/util/operator/GRestore.java'||'PDFBOX-161'||'5c39d6126922a219187a5e4e4c71c3ffa98a3c9b',1,1,2,
pdfbox,'1.8.0'||'preflight/src/main/java/org/apache/pdfbox/preflight/action/GoToAction.java'||'PDFBOX-2652'||'67339de31d98bd2d234dfa4c6299b21a65ba4e13',1,1,2,
pdfbox,'1.8.7'||'pdfbox/src/main/java/org/apache/pdfbox/pdmodel/graphics/shading/RadialShadingContext.java'||'PDFBOX-2881'||'6764173dca53937fb80447131b266ebbf337edb3',1,1,2,
pdfbox,'2.0.0'||'pdfbox/src/main/java/org/apache/pdfbox/pdmodel/font/PDCIDFontType2.java'||'PDFBOX-3344'||'6f5379f547098239019147eb816f2e38320abef0',1,1,2,
pdfbox,'1.4.0'||'fontbox/src/main/java/org/apache/fontbox/cmap/CodespaceRange.java'||'PDFBOX-3151'||'72142b1a7422683a275c4d8ad43489757be91641',1,1,2,
pdfbox,'1.8.8'||'pdfbox/src/main/java/org/apache/pdfbox/filter/FlateFilter.java'||'PDFBOX-2976'||'7336dd7179eec044826e1cbee34ebdfabec3c13f',1,1,2,
pdfbox,'1.8.0'||'pdfbox/src/main/java/org/apache/pdfbox/pdfparser/PDFStreamParser.java'||'PDFBOX-1794'||'76148198701ffb6c9dae5d7bf9b352057378285a',1,1,2,
pdfbox,'1.2.1'||'fontbox/src/main/java/org/apache/fontbox/cff/CharStringRenderer.java'||'PDFBOX-708'||'7803494afc1b50953fadcb4e67505e5408be877f',1,1,2,
pdfbox,'2.0.9'||'pdfbox/src/main/java/org/apache/pdfbox/pdmodel/font/PDCIDFontType0.java'||'PDFBOX-4595'||'7842416e63d989d36eefdaa8ba0888260052364e',0,1,1,(2)Removal of unused import statements or whitespace
pdfbox,'1.8.8'||'pdfbox/src/main/java/org/apache/pdfbox/pdmodel/interactive/digitalsignature/SignatureOptions.java'||'PDFBOX-2719'||'81ef7bae0b4a01f984db60cdfae2bcc73c41227f',1,1,2,
pdfbox,'1.6.0'||'fontbox/src/main/java/org/apache/fontbox/ttf/NamingTable.java'||'PDFBOX-1689'||'95525fef6e70d40f47bd8d20fb3b33a8e4ecd9e0',1,1,2,
pdfbox,'2.0.10'||'pdfbox/src/main/java/org/apache/pdfbox/pdmodel/fdf/FDFAnnotationStamp.java'||'PDFBOX-4437'||'99adf8408dcc71070167e1c5e6736263c894f089',1,1,2,
pdfbox,'2.0.5'||'pdfbox/src/main/java/org/apache/pdfbox/pdmodel/graphics/image/SampledImageReader.java'||'PDFBOX-3791'||'9f6c28c411378de66225d27824ac0e686f55a583',1,1,2,
pdfbox,'2.0.13'||'pdfbox/src/main/java/org/apache/pdfbox/multipdf/PDFMergerUtility.java'||'PDFBOX-4417'||'9fa55a5b27df109b1d865444457249ece5e0a82a',1,1,2,
pdfbox,'1.8.3'||'pdfbox/src/main/java/org/apache/pdfbox/pdmodel/graphics/shading/RadialShadingContext.java'||'PDFBOX-1877'||'a973ca385b24595bd13e556a8d2a0d532048fc24',1,1,2,
pdfbox,'2.0.9'||'fontbox/src/main/java/org/apache/fontbox/ttf/HorizontalMetricsTable.java'||'PDFBOX-4622'||'b04d952449db318a1c80bc34c25660438d45a7d3',1,1,2,
pdfbox,'1.8.8'||'pdfbox/src/main/java/org/apache/pdfbox/pdmodel/font/PDType1Font.java'||'PDFBOX-2641'||'b936ffc416ca19519c6df72fceb3b7f7446f5ca9',1,1,2,
pdfbox,'1.3.1'||'pdfbox/src/main/java/org/apache/pdfbox/pdmodel/interactive/form/PDSignature.java'||'PDFBOX-1558'||'c41edf9e420f9ce5d816ccac844012214fa87f50',1,1,2,
pdfbox,'1.8.14'||'pdfbox/src/main/java/org/apache/pdfbox/rendering/PageDrawer.java'||'PDFBOX-4245'||'c98daf9cc58c415a888535ae7d837267aa7bc133',1,1,2,
pdfbox,'1.8.0'||'pdfbox/src/main/java/org/apache/pdfbox/util/operator/SetTextFont.java'||'PDFBOX-2169'||'d50c926734f6ec6b563ab54a28217564c4b96bf5',1,1,2,
pdfbox,'2.0.10'||'pdfbox/src/main/java/org/apache/pdfbox/pdmodel/font/PDCIDFontType0.java'||'PDFBOX-4595'||'e269e05ed9889e8fbd457009ad276a2f3694afc6',0,1,1,(2)Removal of unused import statements or whitespace
pdfbox,'1.8.8'||'preflight/src/main/java/org/apache/pdfbox/preflight/annotation/LinkAnnotationValidator.java'||'PDFBOX-2652'||'e32a55c4c93c311ec30cd305ca6529213eafb130',1,1,2,
pdfbox,'1.8.7'||'pdfbox/src/main/java/org/apache/pdfbox/pdmodel/font/PDSimpleFont.java'||'PDFBOX-2399'||'f0a01d2ede4db2252e6677c1a021be3a407dd8be',1,1,2,
wicket,'wicket-6.5.0'||'wicket-core/src/main/java/org/apache/wicket/markup/html/form/CheckGroupSelector.java'||'WICKET-4926'||'311e0d29a112aaecfb30191407e8df125d1a751f',1,1,2,
wicket,'wicket-1.5.3'||'wicket-extensions/src/main/java/org/apache/wicket/extensions/markup/html/repeater/data/table/DefaultDataTable.java'||'WICKET-4535'||'0f16b908e6e0630ba85e6e6e539996487f567cfd',1,1,2,
wicket,'relwicket-8.0.0-M8'||'wicket-core/src/main/java/org/apache/wicket/model/LoadableDetachableModel.java'||'WICKET-6614'||'138abdd0ecb05947d42385db22982f3a42439e16',1,1,2,
wicket,'relwicket-8.0.0'||'wicket-experimental/wicket-http2/wicket-http2-core/src/main/java/org/apache/wicket/http2/markup/head/PushHeaderItem.java'||'WICKET-6614'||'138abdd0ecb05947d42385db22982f3a42439e16',1,1,2,
wicket,'wicket-1.5-RC2'||'wicket-core/src/main/java/org/apache/wicket/mock/MockWebRequest.java'||'WICKET-3508'||'1679d17b6b7dc11708ac2180af0985a6371a59dd',1,1,2,
wicket,'wicket-1.5.3'||'wicket-core/src/main/java/org/apache/wicket/SystemMapper.java'||'WICKET-4907'||'25294f4d9e48497b69c586da2cae3b4ba532d751',1,1,2,
wicket,'wicket-1.5.3'||'wicket-core/src/main/java/org/apache/wicket/behavior/AbstractAjaxBehavior.java'||'WICKET-4290'||'35c66b27e5dd1f9e9fe3f2c1a075f2b717c682a1',1,1,2,
wicket,'relwicket-7.10.0'||'wicket-core/src/main/java/org/apache/wicket/request/cycle/RequestCycle.java'||'WICKET-6637'||'3704144b73521c6b10de5fa7864773230762e86c',1,1,2,
wicket,'relwicket-8.0.0-M8'||'wicket-core/src/main/java/org/apache/wicket/markup/head/CssHeaderItem.java'||'WICKET-4777'||'4027b5456031dae79af7ca0a14a1fe59719653ad',1,1,2,
wicket,'wicket-1.4-rc4'||'wicket/src/main/java/org/apache/wicket/markup/html/form/FormComponent.java'||'WICKET-2350'||'44e5d48ec9d8590387af4886ad5640e1c94af040',1,1,2,
wicket,'wicket-6.1.1'||'wicket-request/src/main/java/org/apache/wicket/request/mapper/AbstractMapper.java'||'WICKET-4836'||'51c5d6decaeddfa95d9abd788a1a736a6606561a',1,1,2,
wicket,'wicket-1.3.0-rc1'||'jdk-1.4/wicket/src/main/java/org/apache/wicket/ajax/form/AjaxFormSubmitBehavior.java'||'WICKET-1282'||'5539056e1493fa3138cf3ccc4078e51054fe32c8',1,1,2,
wicket,'wicket-1.4-m1'||'wicket/src/main/java/org/apache/wicket/request/target/coding/WebRequestEncoder.java'||'WICKET-1627'||'6c7d8374aa385863d0c36dd98d980d75b4e77141',1,1,2,
wicket,'wicket-1.5-RC7'||'wicket-core/src/main/java/org/apache/wicket/util/tester/BaseWicketTester.java'||'WICKET-4058'||'6d487f47f07599260a5a37ba10a5db5d753e1fd2',1,1,2,
wicket,'wicket-1.5-RC2'||'wicket-core/src/main/java/org/apache/wicket/markup/parser/filter/StyleAndScriptIdentifier.java'||'WICKET-3420'||'73016a401808d6bacb84c678fffd30716900e857',1,1,2,
wicket,'wicket-1.5-RC6'||'wicket-core/src/main/java/org/apache/wicket/resource/loader/ValidatorStringResourceLoader.java'||'WICKET-4379'||'7a162f7753b5fe79737e60c7a13d29ba480ec823',1,1,2,
wicket,'wicket-1.5-M1'||'wicket-extensions/src/main/java/org/apache/wicket/extensions/markup/html/form/palette/component/Recorder.java'||'WICKET-2852'||'7b06e4d36c3a28f7ec46458c0c1f2cb4beb72915',1,1,2,
wicket,'wicket-1.5-RC5'||'wicket-core/src/main/java/org/apache/wicket/protocol/http/request/UserAgent.java'||'WICKET-4047'||'7de853226854886782b7f6d966f6b83780e88e8e',1,1,2,
wicket,'wicket-1.4.13'||'wicket-extensions/src/main/java/org/apache/wicket/extensions/markup/html/captcha/CaptchaImageResource.java'||'WICKET-3231'||'9b47c3161f151aa938fe1e8ccb6e2bf6b92c9001',1,1,2,
wicket,'wicket-1.4-m1'||'wicket/src/main/java/org/apache/wicket/protocol/http/request/WebClientInfo.java'||'WICKET-2215'||'81fe17acc9e51319a386035d92c505076c72e09d',1,1,2,
wicket,'releasewicket-1.5.10'||'wicket-request/src/main/java/org/apache/wicket/request/UrlRenderer.java'||'WICKET-5073'||'878bc5cc4a23b89657b581e21f856852a03be1be',1,1,2,
wicket,'wicket-1.2.3'||'wicket/src/main/java/wicket/markup/html/link/BookmarkablePageLink.java'||'WICKET-345'||'8eaef2c23c4636e72d60f6c7388ca872319dd4a5',1,1,2,
wicket,'wicket-1.5.5'||'wicket-core/src/main/java/org/apache/wicket/util/tester/TagTester.java'||'WICKET-5874'||'907f891af1a158ef015e7fcd70e0c997b227d22a',1,1,2,
wicket,'wicket-1.4.3'||'wicket-ioc/src/main/java/org/apache/wicket/injection/Injector.java'||'WICKET-2080'||'999e13c1084c3140b2aaa1340e0ac15314f38bda',1,1,2,
wicket,'wicket-1.4.3'||'wicket-ioc/src/main/java/org/apache/wicket/injection/Injector.java'||'WICKET-625'||'999e13c1084c3140b2aaa1340e0ac15314f38bda',1,1,2,
wicket,'relwicket-8.0.0-M7'||'wicket-core/src/main/java/org/apache/wicket/core/util/objects/checker/CheckingObjectOutputStream.java'||'WICKET-6704'||'9e0201c0505e9c2c4369b8e14c1caa0be46e61a7',1,1,2,
wicket,'wicket-6.12.0'||'wicket-core/src/main/java/org/apache/wicket/core/request/mapper/PageInstanceMapper.java'||'WICKET-6481'||'9e3e16709b4652f091ae1c946b6f0618e040ce18',1,1,2,
wicket,'relwicket-8.0.0-M7'||'wicket-native-websocket/wicket-native-websocket-core/src/main/java/org/apache/wicket/protocol/ws/api/BaseWebSocketBehavior.java'||'WICKET-6571'||'9f3bbac34e4ba914473e04a12b77386b6a2a8186',1,1,2,
wicket,'wicket-6.5.0'||'wicket-core/src/main/java/org/apache/wicket/markup/head/PriorityHeaderItem.java'||'WICKET-5366'||'a17d0fda292791807e0814cb9f5615e0562ef680',1,1,2,
wicket,'wicket-6.7.0'||'wicket-util/src/main/java/org/apache/wicket/util/time/Time.java'||'WICKET-5442'||'a382917f7f5b502d72277de9a29b3fcca67209ca',1,1,2,
wicket,'wicket-1.4-rc2'||'wicket-extensions/src/main/java/org/apache/wicket/extensions/markup/html/repeater/data/table/DataTable.java'||'WICKET-2422'||'a614f981752c1fb016194a2862cda772987cae67',1,1,2,
wicket,'wicket-6.5.0'||'wicket-util/src/main/java/org/apache/wicket/util/lang/Objects.java'||'WICKET-5909'||'aec80e6c08de0cc891141456d2437068da70da48',1,1,2,
wicket,'wicket-6.11.0'||'wicket-core/src/main/java/org/apache/wicket/markup/html/form/Form.java'||'WICKET-5462'||'af05b3d68ca8b8021db8e205d39557782eb68a7b',1,1,2,
wicket,'wicket-1.5-RC1'||'wicket-core/src/main/java/org/apache/wicket/Session.java'||'WICKET-3298'||'b235f05179ea051c6ac1e6576a9559c520b27a3a',1,1,2,
wicket,'wicket-1.5-RC4'||'wicket-util/src/main/java/org/apache/wicket/util/convert/converter/DoubleConverter.java'||'WICKET-5853'||'b80f6640b7a7c4645876cc2ce86552cb7144e48b',1,1,2,
wicket,'wicket-6.4.0'||'wicket-util/src/main/java/org/apache/wicket/util/convert/converter/AbstractIntegerConverter.java'||'WICKET-5853'||'b80f6640b7a7c4645876cc2ce86552cb7144e48b',1,1,2,
wicket,'wicket-6.9.1'||'wicket-core/src/main/java/org/apache/wicket/Component.java'||'WICKET-4997'||'bf43914fd7f0ed5ff57a56a82420cda76d3cbaee',1,1,2,
wicket,'wicket-6.17.0'||'wicket-core/src/main/java/org/apache/wicket/core/request/handler/IPageProvider.java'||'WICKET-6288'||'c4805d87012c2f0c2e80418453d0c60f3a5db7c7',0,0,0,(1) Supportive code changes for cross-file bug fixes
wicket,'wicket-1.5-RC7'||'wicket-request/src/main/java/org/apache/wicket/request/http/WebResponse.java'||'WICKET-4051'||'c6371e704d17a59e34913e6308d34c5e26736dd0',1,1,2,
wicket,'wicket-1.5-RC1'||'wicket-request/src/main/java/org/apache/wicket/request/Url.java'||'WICKET-3407'||'cc037441ddffc33661b7f6a3082f1575a48c7bc8',1,1,2,
wicket,'wicket-6.15.0'||'wicket-core/src/main/java/org/apache/wicket/MarkupContainer.java'||'WICKET-5572'||'cd414fa5b5c88b39b11938cdbf40571f4a2df153',1,1,2,
wicket,'relwicket-8.0.0-M5'||'wicket-devutils/src/main/java/org/apache/wicket/devutils/debugbar/IDebugBarContributor.java'||'WICKET-6671'||'cebb9aaaaa06f3307ea084189be6e5b66dabe266',1,1,2,
wicket,'wicket-1.4.7'||'wicket/src/main/java/org/apache/wicket/MarkupContainer.java'||'WICKET-2485'||'d8f436a370ce9cf0211e4d89c58c9be2ea0dd912',1,1,2,
wicket,'wicket-1.4-rc1'||'wicket-extensions/src/main/java/org/apache/wicket/extensions/wizard/dynamic/DynamicWizardModel.java'||'WICKET-2740'||'db1b05493b3b27a05983ba3ab0a4c173e1d9e848',1,1,2,
wicket,'wicket-6.11.0'||'wicket-core/src/main/java/org/apache/wicket/ajax/AjaxNewWindowNotifyingBehavior.java'||'WICKET-6479'||'eb64b2af424f1492e60c6a2038c466878a855b01',1,1,2,
wicket,'wicket-1.3.0-beta2'||'jdk-1.4/wicket/src/main/java/org/apache/wicket/Component.java'||'WICKET-816'||'ef3d29745980675b9c61a8cfbaff2f5eb0f41b53',1,1,2,
wicket,'wicket-6.19.0'||'wicket-core/src/main/java/org/apache/wicket/markup/html/form/Button.java'||'WICKET-6225'||'f5cf5e8558861fa8fbcdcc25e37d71d76bacc209',1,1,2,
wicket,'wicket-7.0.0-M4'||'wicket-core/src/main/java/org/apache/wicket/core/request/mapper/PackageMapper.java'||'WICKET-5996'||'fac99dd61b7324aa2b450617917735946f98bf0c',1,1,2,
wicket,'wicket-6.4.0'||'wicket-request/src/main/java/org/apache/wicket/request/mapper/ParentPathReferenceRewriter.java'||'WICKET-5698'||'d06f84d1b87011e5c152c5fb3f05ae50c1c58cda',1,1,2,
wicket,'wicket-1.5-RC5'||'wicket-core/src/main/java/org/apache/wicket/request/resource/caching/version/MessageDigestResourceVersion.java'||'WICKET-3846'||'07db8c6c981f9dfa9b0b599066051766a85dd8c5',1,1,2
